﻿<?xml version="1.0" encoding="utf-8"?>
<XnaContent>
  <Asset Type="XmlDependent.BlockSpriteData[]">
    <Item>
      <type>Start Flag</type>
      <xPosition>129</xPosition>
      <yPosition>129</yPosition>
    </Item>
    <Item>
      <type>largeBlock</type>
      <xPosition>3105</xPosition>
      <yPosition>673</yPosition>
    </Item>
    <Item>
      <type>largeBlock</type>
      <xPosition>673</xPosition>
      <yPosition>1633</yPosition>
    </Item>
    <Item>
      <type>largeBlock</type>
      <xPosition>801</xPosition>
      <yPosition>1633</yPosition>
    </Item>
    <Item>
      <type>largeBlock</type>
      <xPosition>929</xPosition>
      <yPosition>1633</yPosition>
    </Item>
    <Item>
      <type>largeBlock</type>
      <xPosition>1057</xPosition>
      <yPosition>1633</yPosition>
    </Item>
    <Item>
      <type>largeBlock</type>
      <xPosition>1185</xPosition>
      <yPosition>1633</yPosition>
    </Item>
    <Item>
      <type>largeBlock</type>
      <xPosition>1313</xPosition>
      <yPosition>1633</yPosition>
    </Item>
    <Item>
      <type>largeBlock</type>
      <xPosition>1505</xPosition>
      <yPosition>1633</yPosition>
    </Item>
    <Item>
      <type>mediumBlock</type>
      <xPosition>1441</xPosition>
      <yPosition>1633</yPosition>
    </Item>
    <Item>
      <type>mediumBlock</type>
      <xPosition>1441</xPosition>
      <yPosition>1697</yPosition>
    </Item>
    <Item>
      <type>largeBlock</type>
      <xPosition>545</xPosition>
      <yPosition>1633</yPosition>
    </Item>
    <Item>
      <type>largeBlock</type>
      <xPosition>417</xPosition>
      <yPosition>1633</yPosition>
    </Item>
    <Item>
      <type>largeBlock</type>
      <xPosition>289</xPosition>
      <yPosition>1633</yPosition>
    </Item>
    <Item>
      <type>largeBlock</type>
      <xPosition>161</xPosition>
      <yPosition>1633</yPosition>
    </Item>
    <Item>
      <type>largeBlock</type>
      <xPosition>33</xPosition>
      <yPosition>1633</yPosition>
    </Item>
    <Item>
      <type>largeBlock</type>
      <xPosition>1249</xPosition>
      <yPosition>1505</yPosition>
    </Item>
    <Item>
      <type>largeBlock</type>
      <xPosition>1249</xPosition>
      <yPosition>1377</yPosition>
    </Item>
    <Item>
      <type>largeBlock</type>
      <xPosition>1249</xPosition>
      <yPosition>1249</yPosition>
    </Item>
    <Item>
      <type>largeBlock</type>
      <xPosition>1249</xPosition>
      <yPosition>1121</yPosition>
    </Item>
    <Item>
      <type>largeBlock</type>
      <xPosition>1249</xPosition>
      <yPosition>993</yPosition>
    </Item>
    <Item>
      <type>largeBlock</type>
      <xPosition>1249</xPosition>
      <yPosition>865</yPosition>
    </Item>
    <Item>
      <type>largeBlock</type>
      <xPosition>1249</xPosition>
      <yPosition>737</yPosition>
    </Item>
    <Item>
      <type>largeBlock</type>
      <xPosition>1505</xPosition>
      <yPosition>225</yPosition>
    </Item>
    <Item>
      <type>largeBlock</type>
      <xPosition>1505</xPosition>
      <yPosition>353</yPosition>
    </Item>
    <Item>
      <type>largeBlock</type>
      <xPosition>1505</xPosition>
      <yPosition>481</yPosition>
    </Item>
    <Item>
      <type>largeBlock</type>
      <xPosition>1505</xPosition>
      <yPosition>97</yPosition>
    </Item>
    <Item>
      <type>mediumBlock</type>
      <xPosition>1505</xPosition>
      <yPosition>33</yPosition>
    </Item>
    <Item>
      <type>smallBlock</type>
      <xPosition>1505</xPosition>
      <yPosition>1</yPosition>
    </Item>
    <Item>
      <type>largeBlock</type>
      <xPosition>1505</xPosition>
      <yPosition>609</yPosition>
    </Item>
    <Item>
      <type>largeBlock</type>
      <xPosition>1505</xPosition>
      <yPosition>737</yPosition>
    </Item>
    <Item>
      <type>largeBlock</type>
      <xPosition>1505</xPosition>
      <yPosition>865</yPosition>
    </Item>
    <Item>
      <type>largeBlock</type>
      <xPosition>1505</xPosition>
      <yPosition>993</yPosition>
    </Item>
    <Item>
      <type>largeBlock</type>
      <xPosition>1505</xPosition>
      <yPosition>1121</yPosition>
    </Item>
    <Item>
      <type>largeBlock</type>
      <xPosition>1505</xPosition>
      <yPosition>1249</yPosition>
    </Item>
    <Item>
      <type>largeBlock</type>
      <xPosition>1633</xPosition>
      <yPosition>1633</yPosition>
    </Item>
    <Item>
      <type>largeBlock</type>
      <xPosition>1729</xPosition>
      <yPosition>1505</yPosition>
    </Item>
    <Item>
      <type>largeBlock</type>
      <xPosition>1729</xPosition>
      <yPosition>1377</yPosition>
    </Item>
    <Item>
      <type>smallBlock</type>
      <xPosition>1</xPosition>
      <yPosition>1569</yPosition>
    </Item>
    <Item>
      <type>smallBlock</type>
      <xPosition>1</xPosition>
      <yPosition>1505</yPosition>
    </Item>
    <Item>
      <type>smallBlock</type>
      <xPosition>1</xPosition>
      <yPosition>1537</yPosition>
    </Item>
    <Item>
      <type>smallBlock</type>
      <xPosition>1</xPosition>
      <yPosition>1601</yPosition>
    </Item>
    <Item>
      <type>smallBlock</type>
      <xPosition>1</xPosition>
      <yPosition>1473</yPosition>
    </Item>
    <Item>
      <type>mediumBlock</type>
      <xPosition>1185</xPosition>
      <yPosition>737</yPosition>
    </Item>
    <Item>
      <type>mediumBlock</type>
      <xPosition>1121</xPosition>
      <yPosition>737</yPosition>
    </Item>
    <Item>
      <type>mediumBlock</type>
      <xPosition>481</xPosition>
      <yPosition>865</yPosition>
    </Item>
    <Item>
      <type>mediumBlock</type>
      <xPosition>481</xPosition>
      <yPosition>1249</yPosition>
    </Item>
    <Item>
      <type>mediumBlock</type>
      <xPosition>225</xPosition>
      <yPosition>993</yPosition>
    </Item>
    <Item>
      <type>mediumBlock</type>
      <xPosition>993</xPosition>
      <yPosition>1377</yPosition>
    </Item>
    <Item>
      <type>End Flag</type>
      <xPosition>1633</xPosition>
      <yPosition>1569</yPosition>
    </Item>
  </Asset>
</XnaContent>