﻿<?xml version="1.0" encoding="utf-8" ?>
<XnaContent>
  <!-- TODO: replace this Asset with your own XML asset data. -->
  <Asset Type="SNFEGame.BlockData[]">
    <Item>
      <type>block</type>
      <x>23</x>
      <y>23</y>
    </Item>
    <Item>
      <type>block</type>
      <x>400</x>
      <y>506</y>
    </Item>
    <Item>
      <type>block</type>
      <x>1000</x>
      <y>78</y>
    </Item>
    <Item>
      <type>block</type>
      <x>1000</x>
      <y>398</y>
    </Item>
  </Asset>
</XnaContent>
