﻿<?xml version="1.0" encoding="utf-8" ?>
<XnaContent>
  <Asset Type="string[]">
    <Item>
      There is a ghost in the machine...

      In this digital day and age, communication is more than just a luxury...
      ...communication is power.

      He who controls the means of communication controls more than just the world around him,
      he controls the very lives of those connected to him. Afterall, a human being can only perceive reality;
      control that perception and you control them.

      Yet, in this day of digital censorship and subterfuge, one need not look far in order to find those who would
      fight the oppression; those who would stand up against those who would do them wrong.

      For countless years, these select few have been sitting in front of computer screens in dimly lit rooms, hidden
      from the world outside, coding and hacking away at programs... programs designed to be untraceable, programs
      designed to be invisible.

      "Information must be free" they said, as their fingers jumped from key to key, clicking and clacking away in the
      darkness "You can't stop it... can't stop the flow."

      That is what you are, little spark. That is why they created you to be undetectable, to hide you and, more importantly,
      what you carry from the prying eyers of those who would want to stop the flow. You are a messenger, nothing more, nothing
      less.

      You must deliver your package. There is nothing more important to the free world than the completion of your mission. This
      is why you exist, what you were built for. You are the silent messenger, hiding within the shadows of the digital world.

      You are quick.
      You are invisible.
      In all the background light and noise...

      ...they do not know you exist.

      There is a ghost in the machine.
    </Item>
    <Item>
      You're doing well, young spark. The better you do, the more the humans trust you. Remember, you are but an algorithm. The
      efficiency and effectiveness of any algorithm as complex as you can only be determined in a simulation. Congratulations,
      you just passed your first.
      
      But this doesn't mean things will get any easier for you, oh no... little messenger, now we set you out into the real world,
      a world filled with dangers. As you traverse the electronic planes over and over again, you will begin to understand just how
      the rest of the world's data affects you. These communication lines are teeming to the brim with corrupt, incomplete, and borderline
      destructive data, so you must be wary as you travel. Be careful, and always remember to look before you jump.
      
      Anyway, your first message is a plea from the citizen of a small, sovereign African nation directed to the United Nations.
      This nation is accused of commiting horrible crimes against its people, but thanks the constant meddling of its government, word
      of these crimes have not been able to escape its borders.
      
      The lives of thousands of people depend on you getting your message to the proper recipient. Good luck.
    </Item>
    <Item>
      They're beginning to notice you, both your friends and your enemies. You will need to take longer routes, to stay away from the watchful
      eyes of those who want nothing more than to steal your package. Be warned, though, these routes are filled with incomplete and corrupted
      pieces of data. Be careful where you move.
      
      Today you carry the data behind a cure to a deadly plague that is slowly destroying the world of men. If you fail, the repurcussions
      could be catastrophic.
    </Item>
    <Item>
      You have proved your worth, young messenger, have no doubt of this... but it will not get any easier. It never will. For as long as these
      cables have current flowing through them, so will you, giving a voice to those in need, the right to hear and the right to be heard.
      
      The flow of information must never die, young spark, and as such, neither can you.
      
      Good luck, and goodbye.
      
      -Your creator
    </Item>
  </Asset>
</XnaContent>
