﻿<?xml version="1.0" encoding="utf-8"?>
<XnaContent>
  <Asset Type="XmlDependent.BlockSpriteData[]">
    <Item>
      <type>Start Flag</type>
      <xPosition>161</xPosition>
      <yPosition>673</yPosition>
    </Item>
    <Item>
      <type>largeBlock</type>
      <xPosition>1</xPosition>
      <yPosition>545</yPosition>
    </Item>
    <Item>
      <type>largeBlock</type>
      <xPosition>1</xPosition>
      <yPosition>673</yPosition>
    </Item>
    <Item>
      <type>largeBlock</type>
      <xPosition>1</xPosition>
      <yPosition>801</yPosition>
    </Item>
    <Item>
      <type>largeBlock</type>
      <xPosition>1</xPosition>
      <yPosition>929</yPosition>
    </Item>
    <Item>
      <type>smallBlock</type>
      <xPosition>129</xPosition>
      <yPosition>737</yPosition>
    </Item>
    <Item>
      <type>smallBlock</type>
      <xPosition>161</xPosition>
      <yPosition>737</yPosition>
    </Item>
    <Item>
      <type>smallBlock</type>
      <xPosition>193</xPosition>
      <yPosition>737</yPosition>
    </Item>
    <Item>
      <type>mediumBlock</type>
      <xPosition>129</xPosition>
      <yPosition>993</yPosition>
    </Item>
    <Item>
      <type>mediumBlock</type>
      <xPosition>193</xPosition>
      <yPosition>993</yPosition>
    </Item>
    <Item>
      <type>mediumBlock</type>
      <xPosition>257</xPosition>
      <yPosition>993</yPosition>
    </Item>
    <Item>
      <type>mediumBlock</type>
      <xPosition>321</xPosition>
      <yPosition>993</yPosition>
    </Item>
    <Item>
      <type>largeBlock</type>
      <xPosition>1</xPosition>
      <yPosition>417</yPosition>
    </Item>
    <Item>
      <type>largeBlock</type>
      <xPosition>1</xPosition>
      <yPosition>289</yPosition>
    </Item>
    <Item>
      <type>largeBlock</type>
      <xPosition>385</xPosition>
      <yPosition>225</yPosition>
    </Item>
    <Item>
      <type>largeBlock</type>
      <xPosition>385</xPosition>
      <yPosition>353</yPosition>
    </Item>
    <Item>
      <type>largeBlock</type>
      <xPosition>385</xPosition>
      <yPosition>481</yPosition>
    </Item>
    <Item>
      <type>largeBlock</type>
      <xPosition>385</xPosition>
      <yPosition>609</yPosition>
    </Item>
    <Item>
      <type>largeBlock</type>
      <xPosition>385</xPosition>
      <yPosition>737</yPosition>
    </Item>
    <Item>
      <type>mediumBlock</type>
      <xPosition>1</xPosition>
      <yPosition>225</yPosition>
    </Item>
    <Item>
      <type>mediumBlock</type>
      <xPosition>65</xPosition>
      <yPosition>225</yPosition>
    </Item>
    <Item>
      <type>mediumBlock</type>
      <xPosition>385</xPosition>
      <yPosition>993</yPosition>
    </Item>
    <Item>
      <type>mediumBlock</type>
      <xPosition>449</xPosition>
      <yPosition>993</yPosition>
    </Item>
    <Item>
      <type>mediumBlock</type>
      <xPosition>513</xPosition>
      <yPosition>993</yPosition>
    </Item>
    <Item>
      <type>mediumBlock</type>
      <xPosition>577</xPosition>
      <yPosition>993</yPosition>
    </Item>
    <Item>
      <type>mediumBlock</type>
      <xPosition>641</xPosition>
      <yPosition>993</yPosition>
    </Item>
    <Item>
      <type>mediumBlock</type>
      <xPosition>705</xPosition>
      <yPosition>993</yPosition>
    </Item>
    <Item>
      <type>mediumBlock</type>
      <xPosition>673</xPosition>
      <yPosition>865</yPosition>
    </Item>
    <Item>
      <type>mediumBlock</type>
      <xPosition>993</xPosition>
      <yPosition>609</yPosition>
    </Item>
    <Item>
      <type>mediumBlock</type>
      <xPosition>769</xPosition>
      <yPosition>993</yPosition>
    </Item>
    <Item>
      <type>mediumBlock</type>
      <xPosition>833</xPosition>
      <yPosition>993</yPosition>
    </Item>
    <Item>
      <type>mediumBlock</type>
      <xPosition>897</xPosition>
      <yPosition>993</yPosition>
    </Item>
    <Item>
      <type>mediumBlock</type>
      <xPosition>961</xPosition>
      <yPosition>993</yPosition>
    </Item>
    <Item>
      <type>mediumBlock</type>
      <xPosition>1025</xPosition>
      <yPosition>993</yPosition>
    </Item>
    <Item>
      <type>mediumBlock</type>
      <xPosition>1089</xPosition>
      <yPosition>993</yPosition>
    </Item>
    <Item>
      <type>mediumBlock</type>
      <xPosition>1153</xPosition>
      <yPosition>993</yPosition>
    </Item>
    <Item>
      <type>mediumBlock</type>
      <xPosition>1153</xPosition>
      <yPosition>929</yPosition>
    </Item>
    <Item>
      <type>mediumBlock</type>
      <xPosition>1153</xPosition>
      <yPosition>865</yPosition>
    </Item>
    <Item>
      <type>mediumBlock</type>
      <xPosition>1153</xPosition>
      <yPosition>801</yPosition>
    </Item>
    <Item>
      <type>mediumBlock</type>
      <xPosition>1153</xPosition>
      <yPosition>737</yPosition>
    </Item>
    <Item>
      <type>mediumBlock</type>
      <xPosition>1153</xPosition>
      <yPosition>673</yPosition>
    </Item>
    <Item>
      <type>mediumBlock</type>
      <xPosition>1153</xPosition>
      <yPosition>609</yPosition>
    </Item>
    <Item>
      <type>mediumBlock</type>
      <xPosition>1217</xPosition>
      <yPosition>673</yPosition>
    </Item>
    <Item>
      <type>mediumBlock</type>
      <xPosition>1281</xPosition>
      <yPosition>673</yPosition>
    </Item>
    <Item>
      <type>mediumBlock</type>
      <xPosition>1345</xPosition>
      <yPosition>673</yPosition>
    </Item>
    <Item>
      <type>mediumBlock</type>
      <xPosition>1409</xPosition>
      <yPosition>673</yPosition>
    </Item>
    <Item>
      <type>mediumBlock</type>
      <xPosition>1473</xPosition>
      <yPosition>673</yPosition>
    </Item>
    <Item>
      <type>mediumBlock</type>
      <xPosition>1537</xPosition>
      <yPosition>673</yPosition>
    </Item>
    <Item>
      <type>mediumBlock</type>
      <xPosition>1601</xPosition>
      <yPosition>673</yPosition>
    </Item>
    <Item>
      <type>mediumBlock</type>
      <xPosition>1665</xPosition>
      <yPosition>673</yPosition>
    </Item>
    <Item>
      <type>mediumBlock</type>
      <xPosition>1729</xPosition>
      <yPosition>673</yPosition>
    </Item>
    <Item>
      <type>mediumBlock</type>
      <xPosition>1793</xPosition>
      <yPosition>545</yPosition>
    </Item>
    <Item>
      <type>mediumBlock</type>
      <xPosition>1345</xPosition>
      <yPosition>545</yPosition>
    </Item>
    <Item>
      <type>mediumBlock</type>
      <xPosition>1665</xPosition>
      <yPosition>417</yPosition>
    </Item>
    <Item>
      <type>mediumBlock</type>
      <xPosition>1345</xPosition>
      <yPosition>225</yPosition>
    </Item>
    <Item>
      <type>mediumBlock</type>
      <xPosition>1665</xPosition>
      <yPosition>129</yPosition>
    </Item>
    <Item>
      <type>mediumBlock</type>
      <xPosition>1793</xPosition>
      <yPosition>481</yPosition>
    </Item>
    <Item>
      <type>mediumBlock</type>
      <xPosition>1793</xPosition>
      <yPosition>417</yPosition>
    </Item>
    <Item>
      <type>mediumBlock</type>
      <xPosition>1793</xPosition>
      <yPosition>353</yPosition>
    </Item>
    <Item>
      <type>mediumBlock</type>
      <xPosition>1793</xPosition>
      <yPosition>289</yPosition>
    </Item>
    <Item>
      <type>mediumBlock</type>
      <xPosition>1793</xPosition>
      <yPosition>225</yPosition>
    </Item>
    <Item>
      <type>mediumBlock</type>
      <xPosition>1793</xPosition>
      <yPosition>161</yPosition>
    </Item>
    <Item>
      <type>mediumBlock</type>
      <xPosition>1793</xPosition>
      <yPosition>97</yPosition>
    </Item>
    <Item>
      <type>largeBlock</type>
      <xPosition>2113</xPosition>
      <yPosition>97</yPosition>
    </Item>
    <Item>
      <type>largeBlock</type>
      <xPosition>2625</xPosition>
      <yPosition>289</yPosition>
    </Item>
    <Item>
      <type>mediumBlock</type>
      <xPosition>3137</xPosition>
      <yPosition>225</yPosition>
    </Item>
    <Item>
      <type>mediumBlock</type>
      <xPosition>3201</xPosition>
      <yPosition>225</yPosition>
    </Item>
    <Item>
      <type>mediumBlock</type>
      <xPosition>3649</xPosition>
      <yPosition>385</yPosition>
    </Item>
    <Item>
      <type>mediumBlock</type>
      <xPosition>3969</xPosition>
      <yPosition>449</yPosition>
    </Item>
    <Item>
      <type>mediumBlock</type>
      <xPosition>4161</xPosition>
      <yPosition>449</yPosition>
    </Item>
    <Item>
      <type>mediumBlock</type>
      <xPosition>4225</xPosition>
      <yPosition>449</yPosition>
    </Item>
    <Item>
      <type>mediumBlock</type>
      <xPosition>4289</xPosition>
      <yPosition>449</yPosition>
    </Item>
    <Item>
      <type>largeBlock</type>
      <xPosition>4289</xPosition>
      <yPosition>321</yPosition>
    </Item>
    <Item>
      <type>mediumBlock</type>
      <xPosition>1793</xPosition>
      <yPosition>609</yPosition>
    </Item>
    <Item>
      <type>mediumBlock</type>
      <xPosition>1857</xPosition>
      <yPosition>97</yPosition>
    </Item>
    <Item>
      <type>mediumBlock</type>
      <xPosition>1921</xPosition>
      <yPosition>97</yPosition>
    </Item>
    <Item>
      <type>mediumBlock</type>
      <xPosition>1793</xPosition>
      <yPosition>673</yPosition>
    </Item>
    <Item>
      <type>End Flag</type>
      <xPosition>4193</xPosition>
      <yPosition>385</yPosition>
    </Item>
  </Asset>
</XnaContent>