﻿<?xml version="1.0" encoding="utf-8"?>
<XnaContent>
  <Asset Type="XmlDependent.BlockSpriteData[]">
    <Item>
      <type>brick31</type>
      <xPosition>19</xPosition>
      <yPosition>114</yPosition>
    </Item>
    <Item>
      <type>brick31</type>
      <xPosition>25</xPosition>
      <yPosition>298</yPosition>
    </Item>
    <Item>
      <type>brick31</type>
      <xPosition>202</xPosition>
      <yPosition>285</yPosition>
    </Item>
    <Item>
      <type>brick41</type>
      <xPosition>412</xPosition>
      <yPosition>281</yPosition>
    </Item>
    <Item>
      <type>brick11</type>
      <xPosition>488</xPosition>
      <yPosition>63</yPosition>
    </Item>
    <Item>
      <type>brick21</type>
      <xPosition>29</xPosition>
      <yPosition>413</yPosition>
    </Item>
    <Item>
      <type>brick21</type>
      <xPosition>184</xPosition>
      <yPosition>593</yPosition>
    </Item>
    <Item>
      <type>brick21</type>
      <xPosition>389</xPosition>
      <yPosition>1091</yPosition>
    </Item>
    <Item>
      <type>brick21</type>
      <xPosition>259</xPosition>
      <yPosition>959</yPosition>
    </Item>
    <Item>
      <type>brick21</type>
      <xPosition>509</xPosition>
      <yPosition>828</yPosition>
    </Item>
    <Item>
      <type>brick21</type>
      <xPosition>676</xPosition>
      <yPosition>962</yPosition>
    </Item>
    <Item>
      <type>brick21</type>
      <xPosition>842</xPosition>
      <yPosition>1221</yPosition>
    </Item>
    <Item>
      <type>brick21</type>
      <xPosition>1047</xPosition>
      <yPosition>1029</yPosition>
    </Item>
    <Item>
      <type>brick31</type>
      <xPosition>999</xPosition>
      <yPosition>563</yPosition>
    </Item>
    <Item>
      <type>brick31</type>
      <xPosition>959</xPosition>
      <yPosition>417</yPosition>
    </Item>
    <Item>
      <type>brick31</type>
      <xPosition>844</xPosition>
      <yPosition>281</yPosition>
    </Item>
    <Item>
      <type>brick31</type>
      <xPosition>539</xPosition>
      <yPosition>459</yPosition>
    </Item>
    <Item>
      <type>brick31</type>
      <xPosition>402</xPosition>
      <yPosition>624</yPosition>
    </Item>
    <Item>
      <type>brick31</type>
      <xPosition>289</xPosition>
      <yPosition>790</yPosition>
    </Item>
    <Item>
      <type>brick31</type>
      <xPosition>126</xPosition>
      <yPosition>844</yPosition>
    </Item>
    <Item>
      <type>brick31</type>
      <xPosition>18</xPosition>
      <yPosition>1051</yPosition>
    </Item>
    <Item>
      <type>brick31</type>
      <xPosition>153</xPosition>
      <yPosition>1308</yPosition>
    </Item>
    <Item>
      <type>brick31</type>
      <xPosition>349</xPosition>
      <yPosition>1469</yPosition>
    </Item>
    <Item>
      <type>brick41</type>
      <xPosition>-78</xPosition>
      <yPosition>1643</yPosition>
    </Item>
    <Item>
      <type>brick41</type>
      <xPosition>124</xPosition>
      <yPosition>1478</yPosition>
    </Item>
    <Item>
      <type>brick41</type>
      <xPosition>465</xPosition>
      <yPosition>1636</yPosition>
    </Item>
    <Item>
      <type>brick41</type>
      <xPosition>797</xPosition>
      <yPosition>1637</yPosition>
    </Item>
    <Item>
      <type>brick41</type>
      <xPosition>672</xPosition>
      <yPosition>1723</yPosition>
    </Item>
    <Item>
      <type>brick41</type>
      <xPosition>1116</xPosition>
      <yPosition>1794</yPosition>
    </Item>
    <Item>
      <type>brick41</type>
      <xPosition>1183</xPosition>
      <yPosition>1651</yPosition>
    </Item>
    <Item>
      <type>brick41</type>
      <xPosition>1216</xPosition>
      <yPosition>1481</yPosition>
    </Item>
    <Item>
      <type>brick41</type>
      <xPosition>981</xPosition>
      <yPosition>1332</yPosition>
    </Item>
    <Item>
      <type>brick41</type>
      <xPosition>1042</xPosition>
      <yPosition>801</yPosition>
    </Item>
    <Item>
      <type>brick41</type>
      <xPosition>816</xPosition>
      <yPosition>538</yPosition>
    </Item>
    <Item>
      <type>brick41</type>
      <xPosition>657</xPosition>
      <yPosition>685</yPosition>
    </Item>
    <Item>
      <type>brick41</type>
      <xPosition>1211</xPosition>
      <yPosition>714</yPosition>
    </Item>
    <Item>
      <type>brick41</type>
      <xPosition>1225</xPosition>
      <yPosition>358</yPosition>
    </Item>
    <Item>
      <type>brick11</type>
      <xPosition>1293</xPosition>
      <yPosition>481</yPosition>
    </Item>
    <Item>
      <type>brick11</type>
      <xPosition>1340</xPosition>
      <yPosition>767</yPosition>
    </Item>
    <Item>
      <type>brick11</type>
      <xPosition>799</xPosition>
      <yPosition>703</yPosition>
    </Item>
    <Item>
      <type>brick11</type>
      <xPosition>739</xPosition>
      <yPosition>433</yPosition>
    </Item>
    <Item>
      <type>brick11</type>
      <xPosition>640</xPosition>
      <yPosition>310</yPosition>
    </Item>
    <Item>
      <type>brick11</type>
      <xPosition>307</xPosition>
      <yPosition>445</yPosition>
    </Item>
    <Item>
      <type>brick11</type>
      <xPosition>-4</xPosition>
      <yPosition>737</yPosition>
    </Item>
    <Item>
      <type>brick11</type>
      <xPosition>-158</xPosition>
      <yPosition>801</yPosition>
    </Item>
    <Item>
      <type>brick11</type>
      <xPosition>-164</xPosition>
      <yPosition>523</yPosition>
    </Item>
    <Item>
      <type>brick11</type>
      <xPosition>290</xPosition>
      <yPosition>24</yPosition>
    </Item>
    <Item>
      <type>brick11</type>
      <xPosition>-109</xPosition>
      <yPosition>1</yPosition>
    </Item>
    <Item>
      <type>brick11</type>
      <xPosition>484</xPosition>
      <yPosition>702</yPosition>
    </Item>
    <Item>
      <type>brick11</type>
      <xPosition>533</xPosition>
      <yPosition>1087</yPosition>
    </Item>
    <Item>
      <type>brick11</type>
      <xPosition>280</xPosition>
      <yPosition>1213</yPosition>
    </Item>
    <Item>
      <type>brick11</type>
      <xPosition>580</xPosition>
      <yPosition>1346</yPosition>
    </Item>
    <Item>
      <type>brick11</type>
      <xPosition>825</xPosition>
      <yPosition>1430</yPosition>
    </Item>
    <Item>
      <type>brick11</type>
      <xPosition>186</xPosition>
      <yPosition>1670</yPosition>
    </Item>
    <Item>
      <type>brick21</type>
      <xPosition>419</xPosition>
      <yPosition>1745</yPosition>
    </Item>
    <Item>
      <type>brick21</type>
      <xPosition>0</xPosition>
      <yPosition>1766</yPosition>
    </Item>
    <Item>
      <type>brick21</type>
      <xPosition>646</xPosition>
      <yPosition>1446</yPosition>
    </Item>
    <Item>
      <type>brick21</type>
      <xPosition>5</xPosition>
      <yPosition>1205</yPosition>
    </Item>
    <Item>
      <type>brick21</type>
      <xPosition>-157</xPosition>
      <yPosition>1290</yPosition>
    </Item>
    <Item>
      <type>brick21</type>
      <xPosition>-156</xPosition>
      <yPosition>930</yPosition>
    </Item>
    <Item>
      <type>brick21</type>
      <xPosition>-156</xPosition>
      <yPosition>622</yPosition>
    </Item>
    <Item>
      <type>brick21</type>
      <xPosition>906</xPosition>
      <yPosition>1081</yPosition>
    </Item>
    <Item>
      <type>brick21</type>
      <xPosition>847</xPosition>
      <yPosition>819</yPosition>
    </Item>
    <Item>
      <type>brick21</type>
      <xPosition>1022</xPosition>
      <yPosition>678</yPosition>
    </Item>
    <Item>
      <type>brick21</type>
      <xPosition>1254</xPosition>
      <yPosition>1019</yPosition>
    </Item>
    <Item>
      <type>brick31</type>
      <xPosition>1295</xPosition>
      <yPosition>1210</yPosition>
    </Item>
    <Item>
      <type>brick31</type>
      <xPosition>1233</xPosition>
      <yPosition>1370</yPosition>
    </Item>
    <Item>
      <type>brick31</type>
      <xPosition>1068</xPosition>
      <yPosition>1206</yPosition>
    </Item>
    <Item>
      <type>brick31</type>
      <xPosition>1101</xPosition>
      <yPosition>1466</yPosition>
    </Item>
    <Item>
      <type>brick31</type>
      <xPosition>1018</xPosition>
      <yPosition>1696</yPosition>
    </Item>
    <Item>
      <type>brick31</type>
      <xPosition>928</xPosition>
      <yPosition>1623</yPosition>
    </Item>
    <Item>
      <type>brick41</type>
      <xPosition>1372</xPosition>
      <yPosition>884</yPosition>
    </Item>
    <Item>
      <type>brick41</type>
      <xPosition>1212</xPosition>
      <yPosition>894</yPosition>
    </Item>
    <Item>
      <type>brick41</type>
      <xPosition>1046</xPosition>
      <yPosition>906</yPosition>
    </Item>
    <Item>
      <type>brick41</type>
      <xPosition>1237</xPosition>
      <yPosition>611</yPosition>
    </Item>
    <Item>
      <type>brick41</type>
      <xPosition>1055</xPosition>
      <yPosition>222</yPosition>
    </Item>
    <Item>
      <type>brick41</type>
      <xPosition>729</xPosition>
      <yPosition>38</yPosition>
    </Item>
    <Item>
      <type>brick41</type>
      <xPosition>552</xPosition>
      <yPosition>264</yPosition>
    </Item>
    <Item>
      <type>brick41</type>
      <xPosition>352</xPosition>
      <yPosition>241</yPosition>
    </Item>
    <Item>
      <type>brick41</type>
      <xPosition>443</xPosition>
      <yPosition>439</yPosition>
    </Item>
    <Item>
      <type>brick11</type>
      <xPosition>137</xPosition>
      <yPosition>679</yPosition>
    </Item>
    <Item>
      <type>brick11</type>
      <xPosition>44</xPosition>
      <yPosition>545</yPosition>
    </Item>
    <Item>
      <type>brick11</type>
      <xPosition>165</xPosition>
      <yPosition>458</yPosition>
    </Item>
    <Item>
      <type>brick11</type>
      <xPosition>7</xPosition>
      <yPosition>895</yPosition>
    </Item>
    <Item>
      <type>brick11</type>
      <xPosition>515</xPosition>
      <yPosition>983</yPosition>
    </Item>
    <Item>
      <type>brick11</type>
      <xPosition>557</xPosition>
      <yPosition>1239</yPosition>
    </Item>
    <Item>
      <type>brick11</type>
      <xPosition>382</xPosition>
      <yPosition>1355</yPosition>
    </Item>
    <Item>
      <type>brick11</type>
      <xPosition>8</xPosition>
      <yPosition>1445</yPosition>
    </Item>
    <Item>
      <type>brick11</type>
      <xPosition>-154</xPosition>
      <yPosition>1439</yPosition>
    </Item>
    <Item>
      <type>brick11</type>
      <xPosition>603</xPosition>
      <yPosition>1632</yPosition>
    </Item>
    <Item>
      <type>brick11</type>
      <xPosition>318</xPosition>
      <yPosition>1630</yPosition>
    </Item>
    <Item>
      <type>brick21</type>
      <xPosition>893</xPosition>
      <yPosition>1760</yPosition>
    </Item>
    <Item>
      <type>brick21</type>
      <xPosition>652</xPosition>
      <yPosition>1884</yPosition>
    </Item>
    <Item>
      <type>brick21</type>
      <xPosition>1010</xPosition>
      <yPosition>1901</yPosition>
    </Item>
    <Item>
      <type>brick31</type>
      <xPosition>1334</xPosition>
      <yPosition>1749</yPosition>
    </Item>
    <Item>
      <type>brick31</type>
      <xPosition>1352</xPosition>
      <yPosition>1554</yPosition>
    </Item>
    <Item>
      <type>brick41</type>
      <xPosition>1360</xPosition>
      <yPosition>1353</yPosition>
    </Item>
    <Item>
      <type>brick11</type>
      <xPosition>1393</xPosition>
      <yPosition>1114</yPosition>
    </Item>
    <Item>
      <type>brick21</type>
      <xPosition>1409</xPosition>
      <yPosition>976</yPosition>
    </Item>
    <Item>
      <type>brick21</type>
      <xPosition>1380</xPosition>
      <yPosition>568</yPosition>
    </Item>
    <Item>
      <type>brick31</type>
      <xPosition>1366</xPosition>
      <yPosition>304</yPosition>
    </Item>
    <Item>
      <type>brick41</type>
      <xPosition>1207</xPosition>
      <yPosition>104</yPosition>
    </Item>
    <Item>
      <type>brick41</type>
      <xPosition>937</xPosition>
      <yPosition>77</yPosition>
    </Item>
    <Item>
      <type>brick21</type>
      <xPosition>1078</xPosition>
      <yPosition>60</yPosition>
    </Item>
    <Item>
      <type>brick21</type>
      <xPosition>1253</xPosition>
      <yPosition>253</yPosition>
    </Item>
    <Item>
      <type>brick41</type>
      <xPosition>1495</xPosition>
      <yPosition>1465</yPosition>
    </Item>
    <Item>
      <type>brick11</type>
      <xPosition>1653</xPosition>
      <yPosition>1527</yPosition>
    </Item>
    <Item>
      <type>brick11</type>
      <xPosition>1490</xPosition>
      <yPosition>1662</yPosition>
    </Item>
    <Item>
      <type>brick31</type>
      <xPosition>1720</xPosition>
      <yPosition>1382</yPosition>
    </Item>
    <Item>
      <type>brick31</type>
      <xPosition>1579</xPosition>
      <yPosition>1194</yPosition>
    </Item>
    <Item>
      <type>brick41</type>
      <xPosition>1537</xPosition>
      <yPosition>1321</yPosition>
    </Item>
    <Item>
      <type>brick41</type>
      <xPosition>1789</xPosition>
      <yPosition>1250</yPosition>
    </Item>
    <Item>
      <type>brick11</type>
      <xPosition>1745</xPosition>
      <yPosition>1132</yPosition>
    </Item>
    <Item>
      <type>brick21</type>
      <xPosition>1814</xPosition>
      <yPosition>1499</yPosition>
    </Item>
    <Item>
      <type>brick21</type>
      <xPosition>1699</xPosition>
      <yPosition>1709</yPosition>
    </Item>
    <Item>
      <type>brick41</type>
      <xPosition>1983</xPosition>
      <yPosition>1402</yPosition>
    </Item>
    <Item>
      <type>brick11</type>
      <xPosition>1991</xPosition>
      <yPosition>1213</yPosition>
    </Item>
  </Asset>
</XnaContent>