﻿<?xml version="1.0" encoding="utf-8"?>
<XnaContent>
  <Asset Type="XmlDependent.BlockSpriteData[]">
    <Item>
      <type>mediumBlock</type>
      <xPosition>97</xPosition>
      <yPosition>434</yPosition>
    </Item>
    <Item>
      <type>mediumBlock</type>
      <xPosition>161</xPosition>
      <yPosition>434</yPosition>
    </Item>
    <Item>
      <type>mediumBlock</type>
      <xPosition>225</xPosition>
      <yPosition>434</yPosition>
    </Item>
    <Item>
      <type>mediumBlock</type>
      <xPosition>708</xPosition>
      <yPosition>170</yPosition>
    </Item>
    <Item>
      <type>mediumBlock</type>
      <xPosition>772</xPosition>
      <yPosition>170</yPosition>
    </Item>
    <Item>
      <type>mediumBlock</type>
      <xPosition>836</xPosition>
      <yPosition>170</yPosition>
    </Item>
    <Item>
      <type>mediumBlock</type>
      <xPosition>986</xPosition>
      <yPosition>295</yPosition>
    </Item>
    <Item>
      <type>mediumBlock</type>
      <xPosition>1050</xPosition>
      <yPosition>295</yPosition>
    </Item>
    <Item>
      <type>mediumBlock</type>
      <xPosition>1114</xPosition>
      <yPosition>295</yPosition>
    </Item>
    <Item>
      <type>mediumBlock</type>
      <xPosition>1277</xPosition>
      <yPosition>402</yPosition>
    </Item>
    <Item>
      <type>mediumBlock</type>
      <xPosition>1341</xPosition>
      <yPosition>402</yPosition>
    </Item>
    <Item>
      <type>mediumBlock</type>
      <xPosition>1404</xPosition>
      <yPosition>402</yPosition>
    </Item>
    <Item>
      <type>smallBlock</type>
      <xPosition>289</xPosition>
      <yPosition>415</yPosition>
    </Item>
    <Item>
      <type>smallBlock</type>
      <xPosition>320</xPosition>
      <yPosition>391</yPosition>
    </Item>
    <Item>
      <type>smallBlock</type>
      <xPosition>353</xPosition>
      <yPosition>365</yPosition>
    </Item>
    <Item>
      <type>smallBlock</type>
      <xPosition>382</xPosition>
      <yPosition>335</yPosition>
    </Item>
    <Item>
      <type>smallBlock</type>
      <xPosition>1172</xPosition>
      <yPosition>339</yPosition>
    </Item>
    <Item>
      <type>smallBlock</type>
      <xPosition>1199</xPosition>
      <yPosition>360</yPosition>
    </Item>
    <Item>
      <type>smallBlock</type>
      <xPosition>1252</xPosition>
      <yPosition>395</yPosition>
    </Item>
    <Item>
      <type>smallBlock</type>
      <xPosition>1226</xPosition>
      <yPosition>380</yPosition>
    </Item>
    <Item>
      <type>mediumBlock</type>
      <xPosition>1859</xPosition>
      <yPosition>170</yPosition>
    </Item>
    <Item>
      <type>mediumBlock</type>
      <xPosition>2055</xPosition>
      <yPosition>284</yPosition>
    </Item>
    <Item>
      <type>mediumBlock</type>
      <xPosition>2118</xPosition>
      <yPosition>284</yPosition>
    </Item>
    <Item>
      <type>mediumBlock</type>
      <xPosition>2610</xPosition>
      <yPosition>93</yPosition>
    </Item>
    <Item>
      <type>mediumBlock</type>
      <xPosition>2674</xPosition>
      <yPosition>93</yPosition>
    </Item>
    <Item>
      <type>smallBlock</type>
      <xPosition>2937</xPosition>
      <yPosition>159</yPosition>
    </Item>
    <Item>
      <type>smallBlock</type>
      <xPosition>2937</xPosition>
      <yPosition>191</yPosition>
    </Item>
    <Item>
      <type>End Flag</type>
      <xPosition>2921</xPosition>
      <yPosition>18</yPosition>
    </Item>
    <Item>
      <type>Start Flag</type>
      <xPosition>124</xPosition>
      <yPosition>343</yPosition>
    </Item>
    <Item>
      <type>mediumBlock</type>
      <xPosition>4925</xPosition>
      <yPosition>131</yPosition>
    </Item>
    <Item>
      <type>mediumBlock</type>
      <xPosition>4921</xPosition>
      <yPosition>134</yPosition>
    </Item>
    <Item>
      <type>mediumBlock</type>
      <xPosition>1923</xPosition>
      <yPosition>170</yPosition>
    </Item>
    <Item>
      <type>mediumBlock</type>
      <xPosition>1795</xPosition>
      <yPosition>170</yPosition>
    </Item>
    <Item>
      <type>mediumBlock</type>
      <xPosition>2181</xPosition>
      <yPosition>284</yPosition>
    </Item>
    <Item>
      <type>mediumBlock</type>
      <xPosition>2546</xPosition>
      <yPosition>93</yPosition>
    </Item>
    <Item>
      <type>largeBlock</type>
      <xPosition>2809</xPosition>
      <yPosition>96</yPosition>
    </Item>
    <Item>
      <type>largeBlock</type>
      <xPosition>2969</xPosition>
      <yPosition>95</yPosition>
    </Item>
    <Item>
      <type>mediumBlock</type>
      <xPosition>2921</xPosition>
      <yPosition>95</yPosition>
    </Item>
  </Asset>
</XnaContent>