﻿<?xml version="1.0" encoding="utf-8"?>
<XnaContent>
  <Asset Type="XmlDependent.BlockSpriteData[]">
    <Item>
      <type>mediumBlock</type>
      <xPosition>97</xPosition>
      <yPosition>166</yPosition>
    </Item>
    <Item>
      <type>mediumBlock</type>
      <xPosition>161</xPosition>
      <yPosition>166</yPosition>
    </Item>
    <Item>
      <type>mediumBlock</type>
      <xPosition>225</xPosition>
      <yPosition>166</yPosition>
    </Item>
    <Item>
      <type>mediumBlock</type>
      <xPosition>411</xPosition>
      <yPosition>284</yPosition>
    </Item>
    <Item>
      <type>mediumBlock</type>
      <xPosition>474</xPosition>
      <yPosition>284</yPosition>
    </Item>
    <Item>
      <type>mediumBlock</type>
      <xPosition>538</xPosition>
      <yPosition>284</yPosition>
    </Item>
    <Item>
      <type>mediumBlock</type>
      <xPosition>702</xPosition>
      <yPosition>411</yPosition>
    </Item>
    <Item>
      <type>mediumBlock</type>
      <xPosition>766</xPosition>
      <yPosition>411</yPosition>
    </Item>
    <Item>
      <type>mediumBlock</type>
      <xPosition>830</xPosition>
      <yPosition>411</yPosition>
    </Item>
    <Item>
      <type>mediumBlock</type>
      <xPosition>1273</xPosition>
      <yPosition>165</yPosition>
    </Item>
    <Item>
      <type>mediumBlock</type>
      <xPosition>1337</xPosition>
      <yPosition>165</yPosition>
    </Item>
    <Item>
      <type>mediumBlock</type>
      <xPosition>1401</xPosition>
      <yPosition>165</yPosition>
    </Item>
    <Item>
      <type>smallBlock</type>
      <xPosition>289</xPosition>
      <yPosition>415</yPosition>
    </Item>
    <Item>
      <type>smallBlock</type>
      <xPosition>320</xPosition>
      <yPosition>391</yPosition>
    </Item>
    <Item>
      <type>smallBlock</type>
      <xPosition>353</xPosition>
      <yPosition>365</yPosition>
    </Item>
    <Item>
      <type>smallBlock</type>
      <xPosition>382</xPosition>
      <yPosition>335</yPosition>
    </Item>
    <Item>
      <type>smallBlock</type>
      <xPosition>599</xPosition>
      <yPosition>334</yPosition>
    </Item>
    <Item>
      <type>smallBlock</type>
      <xPosition>628</xPosition>
      <yPosition>359</yPosition>
    </Item>
    <Item>
      <type>smallBlock</type>
      <xPosition>651</xPosition>
      <yPosition>382</yPosition>
    </Item>
    <Item>
      <type>smallBlock</type>
      <xPosition>675</xPosition>
      <yPosition>402</yPosition>
    </Item>
    <Item>
      <type>smallBlock</type>
      <xPosition>883</xPosition>
      <yPosition>399</yPosition>
    </Item>
    <Item>
      <type>smallBlock</type>
      <xPosition>908</xPosition>
      <yPosition>376</yPosition>
    </Item>
    <Item>
      <type>smallBlock</type>
      <xPosition>956</xPosition>
      <yPosition>336</yPosition>
    </Item>
    <Item>
      <type>smallBlock</type>
      <xPosition>932</xPosition>
      <yPosition>358</yPosition>
    </Item>
    <Item>
      <type>mediumBlock</type>
      <xPosition>1537</xPosition>
      <yPosition>302</yPosition>
    </Item>
    <Item>
      <type>mediumBlock</type>
      <xPosition>1600</xPosition>
      <yPosition>302</yPosition>
    </Item>
    <Item>
      <type>mediumBlock</type>
      <xPosition>1798</xPosition>
      <yPosition>392</yPosition>
    </Item>
    <Item>
      <type>mediumBlock</type>
      <xPosition>1861</xPosition>
      <yPosition>392</yPosition>
    </Item>
    <Item>
      <type>mediumBlock</type>
      <xPosition>2364</xPosition>
      <yPosition>188</yPosition>
    </Item>
    <Item>
      <type>smallBlock</type>
      <xPosition>2937</xPosition>
      <yPosition>159</yPosition>
    </Item>
    <Item>
      <type>smallBlock</type>
      <xPosition>2937</xPosition>
      <yPosition>191</yPosition>
    </Item>
    <Item>
      <type>End Flag</type>
      <xPosition>2921</xPosition>
      <yPosition>18</yPosition>
    </Item>
    <Item>
      <type>Start Flag</type>
      <xPosition>135</xPosition>
      <yPosition>86</yPosition>
    </Item>
    <Item>
      <type>mediumBlock</type>
      <xPosition>4925</xPosition>
      <yPosition>131</yPosition>
    </Item>
    <Item>
      <type>mediumBlock</type>
      <xPosition>4921</xPosition>
      <yPosition>134</yPosition>
    </Item>
    <Item>
      <type>mediumBlock</type>
      <xPosition>1664</xPosition>
      <yPosition>302</yPosition>
    </Item>
    <Item>
      <type>mediumBlock</type>
      <xPosition>1925</xPosition>
      <yPosition>392</yPosition>
    </Item>
    <Item>
      <type>mediumBlock</type>
      <xPosition>2300</xPosition>
      <yPosition>188</yPosition>
    </Item>
    <Item>
      <type>mediumBlock</type>
      <xPosition>2428</xPosition>
      <yPosition>188</yPosition>
    </Item>
    <Item>
      <type>largeBlock</type>
      <xPosition>2809</xPosition>
      <yPosition>96</yPosition>
    </Item>
    <Item>
      <type>largeBlock</type>
      <xPosition>2969</xPosition>
      <yPosition>95</yPosition>
    </Item>
    <Item>
      <type>mediumBlock</type>
      <xPosition>2921</xPosition>
      <yPosition>95</yPosition>
    </Item>
  </Asset>
</XnaContent>