﻿<?xml version="1.0" encoding="utf-8"?>
<XnaContent>
  <Asset Type="XmlDependent.BlockSpriteData[]">
    <Item>
      <type>End Flag</type>
      <xPosition>2921</xPosition>
      <yPosition>18</yPosition>
    </Item>
    <Item>
      <type>mediumBlock</type>
      <xPosition>4925</xPosition>
      <yPosition>131</yPosition>
    </Item>
    <Item>
      <type>mediumBlock</type>
      <xPosition>4921</xPosition>
      <yPosition>134</yPosition>
    </Item>
    <Item>
      <type>smallBlock</type>
      <xPosition>289</xPosition>
      <yPosition>417</yPosition>
    </Item>
    <Item>
      <type>smallBlock</type>
      <xPosition>321</xPosition>
      <yPosition>385</yPosition>
    </Item>
    <Item>
      <type>smallBlock</type>
      <xPosition>353</xPosition>
      <yPosition>353</yPosition>
    </Item>
    <Item>
      <type>smallBlock</type>
      <xPosition>385</xPosition>
      <yPosition>321</yPosition>
    </Item>
    <Item>
      <type>mediumBlock</type>
      <xPosition>417</xPosition>
      <yPosition>289</yPosition>
    </Item>
    <Item>
      <type>mediumBlock</type>
      <xPosition>481</xPosition>
      <yPosition>289</yPosition>
    </Item>
    <Item>
      <type>mediumBlock</type>
      <xPosition>545</xPosition>
      <yPosition>289</yPosition>
    </Item>
    <Item>
      <type>mediumBlock</type>
      <xPosition>97</xPosition>
      <yPosition>129</yPosition>
    </Item>
    <Item>
      <type>mediumBlock</type>
      <xPosition>161</xPosition>
      <yPosition>129</yPosition>
    </Item>
    <Item>
      <type>mediumBlock</type>
      <xPosition>225</xPosition>
      <yPosition>129</yPosition>
    </Item>
    <Item>
      <type>smallBlock</type>
      <xPosition>609</xPosition>
      <yPosition>321</yPosition>
    </Item>
    <Item>
      <type>smallBlock</type>
      <xPosition>641</xPosition>
      <yPosition>353</yPosition>
    </Item>
    <Item>
      <type>smallBlock</type>
      <xPosition>673</xPosition>
      <yPosition>385</yPosition>
    </Item>
    <Item>
      <type>mediumBlock</type>
      <xPosition>705</xPosition>
      <yPosition>385</yPosition>
    </Item>
    <Item>
      <type>mediumBlock</type>
      <xPosition>769</xPosition>
      <yPosition>385</yPosition>
    </Item>
    <Item>
      <type>mediumBlock</type>
      <xPosition>833</xPosition>
      <yPosition>385</yPosition>
    </Item>
    <Item>
      <type>smallBlock</type>
      <xPosition>897</xPosition>
      <yPosition>385</yPosition>
    </Item>
    <Item>
      <type>smallBlock</type>
      <xPosition>929</xPosition>
      <yPosition>353</yPosition>
    </Item>
    <Item>
      <type>smallBlock</type>
      <xPosition>961</xPosition>
      <yPosition>321</yPosition>
    </Item>
    <Item>
      <type>mediumBlock</type>
      <xPosition>1313</xPosition>
      <yPosition>161</yPosition>
    </Item>
    <Item>
      <type>mediumBlock</type>
      <xPosition>1377</xPosition>
      <yPosition>161</yPosition>
    </Item>
    <Item>
      <type>mediumBlock</type>
      <xPosition>1441</xPosition>
      <yPosition>161</yPosition>
    </Item>
    <Item>
      <type>mediumBlock</type>
      <xPosition>1537</xPosition>
      <yPosition>289</yPosition>
    </Item>
    <Item>
      <type>mediumBlock</type>
      <xPosition>1601</xPosition>
      <yPosition>289</yPosition>
    </Item>
    <Item>
      <type>mediumBlock</type>
      <xPosition>1665</xPosition>
      <yPosition>289</yPosition>
    </Item>
    <Item>
      <type>mediumBlock</type>
      <xPosition>1793</xPosition>
      <yPosition>385</yPosition>
    </Item>
    <Item>
      <type>mediumBlock</type>
      <xPosition>1857</xPosition>
      <yPosition>385</yPosition>
    </Item>
    <Item>
      <type>mediumBlock</type>
      <xPosition>1921</xPosition>
      <yPosition>385</yPosition>
    </Item>
    <Item>
      <type>mediumBlock</type>
      <xPosition>2305</xPosition>
      <yPosition>193</yPosition>
    </Item>
    <Item>
      <type>mediumBlock</type>
      <xPosition>2369</xPosition>
      <yPosition>193</yPosition>
    </Item>
    <Item>
      <type>mediumBlock</type>
      <xPosition>2433</xPosition>
      <yPosition>193</yPosition>
    </Item>
    <Item>
      <type>smallBlock</type>
      <xPosition>2945</xPosition>
      <yPosition>97</yPosition>
    </Item>
    <Item>
      <type>smallBlock</type>
      <xPosition>2945</xPosition>
      <yPosition>129</yPosition>
    </Item>
    <Item>
      <type>smallBlock</type>
      <xPosition>2945</xPosition>
      <yPosition>161</yPosition>
    </Item>
    <Item>
      <type>smallBlock</type>
      <xPosition>2945</xPosition>
      <yPosition>193</yPosition>
    </Item>
    <Item>
      <type>largeBlock</type>
      <xPosition>2817</xPosition>
      <yPosition>97</yPosition>
    </Item>
    <Item>
      <type>largeBlock</type>
      <xPosition>2977</xPosition>
      <yPosition>97</yPosition>
    </Item>
    <Item>
      <type>Start Flag</type>
      <xPosition>97</xPosition>
      <yPosition>65</yPosition>
    </Item>
  </Asset>
</XnaContent>