﻿<?xml version="1.0" encoding="utf-8"?>
<XnaContent>
  <Asset Type="XmlDependent.BlockSpriteData[]">
    <Item>
      <type>Start Flag</type>
      <xPosition>737</xPosition>
      <yPosition>929</yPosition>
    </Item>
    <Item>
      <type>smallBlock</type>
      <xPosition>705</xPosition>
      <yPosition>993</yPosition>
    </Item>
    <Item>
      <type>smallBlock</type>
      <xPosition>737</xPosition>
      <yPosition>993</yPosition>
    </Item>
    <Item>
      <type>smallBlock</type>
      <xPosition>769</xPosition>
      <yPosition>993</yPosition>
    </Item>
    <Item>
      <type>mediumBlock</type>
      <xPosition>801</xPosition>
      <yPosition>961</yPosition>
    </Item>
    <Item>
      <type>mediumBlock</type>
      <xPosition>801</xPosition>
      <yPosition>897</yPosition>
    </Item>
    <Item>
      <type>mediumBlock</type>
      <xPosition>801</xPosition>
      <yPosition>833</yPosition>
    </Item>
    <Item>
      <type>mediumBlock</type>
      <xPosition>801</xPosition>
      <yPosition>769</yPosition>
    </Item>
    <Item>
      <type>mediumBlock</type>
      <xPosition>801</xPosition>
      <yPosition>705</yPosition>
    </Item>
    <Item>
      <type>mediumBlock</type>
      <xPosition>641</xPosition>
      <yPosition>1185</yPosition>
    </Item>
    <Item>
      <type>mediumBlock</type>
      <xPosition>577</xPosition>
      <yPosition>1185</yPosition>
    </Item>
    <Item>
      <type>mediumBlock</type>
      <xPosition>705</xPosition>
      <yPosition>1185</yPosition>
    </Item>
    <Item>
      <type>mediumBlock</type>
      <xPosition>769</xPosition>
      <yPosition>641</yPosition>
    </Item>
    <Item>
      <type>mediumBlock</type>
      <xPosition>737</xPosition>
      <yPosition>577</yPosition>
    </Item>
    <Item>
      <type>mediumBlock</type>
      <xPosition>673</xPosition>
      <yPosition>577</yPosition>
    </Item>
    <Item>
      <type>mediumBlock</type>
      <xPosition>769</xPosition>
      <yPosition>1185</yPosition>
    </Item>
    <Item>
      <type>mediumBlock</type>
      <xPosition>833</xPosition>
      <yPosition>1185</yPosition>
    </Item>
    <Item>
      <type>mediumBlock</type>
      <xPosition>897</xPosition>
      <yPosition>1185</yPosition>
    </Item>
    <Item>
      <type>mediumBlock</type>
      <xPosition>961</xPosition>
      <yPosition>1185</yPosition>
    </Item>
    <Item>
      <type>mediumBlock</type>
      <xPosition>1025</xPosition>
      <yPosition>1185</yPosition>
    </Item>
    <Item>
      <type>mediumBlock</type>
      <xPosition>1089</xPosition>
      <yPosition>1185</yPosition>
    </Item>
    <Item>
      <type>mediumBlock</type>
      <xPosition>1153</xPosition>
      <yPosition>1185</yPosition>
    </Item>
    <Item>
      <type>mediumBlock</type>
      <xPosition>1153</xPosition>
      <yPosition>1121</yPosition>
    </Item>
    <Item>
      <type>mediumBlock</type>
      <xPosition>1153</xPosition>
      <yPosition>1057</yPosition>
    </Item>
    <Item>
      <type>mediumBlock</type>
      <xPosition>1217</xPosition>
      <yPosition>1057</yPosition>
    </Item>
    <Item>
      <type>mediumBlock</type>
      <xPosition>1281</xPosition>
      <yPosition>1057</yPosition>
    </Item>
    <Item>
      <type>mediumBlock</type>
      <xPosition>1409</xPosition>
      <yPosition>1057</yPosition>
    </Item>
    <Item>
      <type>mediumBlock</type>
      <xPosition>1473</xPosition>
      <yPosition>1057</yPosition>
    </Item>
    <Item>
      <type>mediumBlock</type>
      <xPosition>1537</xPosition>
      <yPosition>1057</yPosition>
    </Item>
    <Item>
      <type>mediumBlock</type>
      <xPosition>1601</xPosition>
      <yPosition>1057</yPosition>
    </Item>
    <Item>
      <type>mediumBlock</type>
      <xPosition>1793</xPosition>
      <yPosition>1057</yPosition>
    </Item>
    <Item>
      <type>mediumBlock</type>
      <xPosition>1857</xPosition>
      <yPosition>1057</yPosition>
    </Item>
    <Item>
      <type>mediumBlock</type>
      <xPosition>1921</xPosition>
      <yPosition>1057</yPosition>
    </Item>
    <Item>
      <type>mediumBlock</type>
      <xPosition>1985</xPosition>
      <yPosition>1057</yPosition>
    </Item>
    <Item>
      <type>mediumBlock</type>
      <xPosition>2049</xPosition>
      <yPosition>1057</yPosition>
    </Item>
    <Item>
      <type>mediumBlock</type>
      <xPosition>2113</xPosition>
      <yPosition>1057</yPosition>
    </Item>
    <Item>
      <type>mediumBlock</type>
      <xPosition>513</xPosition>
      <yPosition>1185</yPosition>
    </Item>
    <Item>
      <type>mediumBlock</type>
      <xPosition>2177</xPosition>
      <yPosition>1057</yPosition>
    </Item>
    <Item>
      <type>mediumBlock</type>
      <xPosition>2241</xPosition>
      <yPosition>1057</yPosition>
    </Item>
    <Item>
      <type>mediumBlock</type>
      <xPosition>2305</xPosition>
      <yPosition>1057</yPosition>
    </Item>
    <Item>
      <type>mediumBlock</type>
      <xPosition>2305</xPosition>
      <yPosition>609</yPosition>
    </Item>
    <Item>
      <type>mediumBlock</type>
      <xPosition>2305</xPosition>
      <yPosition>673</yPosition>
    </Item>
    <Item>
      <type>mediumBlock</type>
      <xPosition>2305</xPosition>
      <yPosition>737</yPosition>
    </Item>
    <Item>
      <type>mediumBlock</type>
      <xPosition>2305</xPosition>
      <yPosition>801</yPosition>
    </Item>
    <Item>
      <type>mediumBlock</type>
      <xPosition>2305</xPosition>
      <yPosition>865</yPosition>
    </Item>
    <Item>
      <type>mediumBlock</type>
      <xPosition>2305</xPosition>
      <yPosition>929</yPosition>
    </Item>
    <Item>
      <type>mediumBlock</type>
      <xPosition>2305</xPosition>
      <yPosition>993</yPosition>
    </Item>
    <Item>
      <type>mediumBlock</type>
      <xPosition>1953</xPosition>
      <yPosition>929</yPosition>
    </Item>
    <Item>
      <type>mediumBlock</type>
      <xPosition>2241</xPosition>
      <yPosition>673</yPosition>
    </Item>
    <Item>
      <type>mediumBlock</type>
      <xPosition>2305</xPosition>
      <yPosition>545</yPosition>
    </Item>
    <Item>
      <type>mediumBlock</type>
      <xPosition>2305</xPosition>
      <yPosition>353</yPosition>
    </Item>
    <Item>
      <type>mediumBlock</type>
      <xPosition>2305</xPosition>
      <yPosition>417</yPosition>
    </Item>
    <Item>
      <type>mediumBlock</type>
      <xPosition>2305</xPosition>
      <yPosition>481</yPosition>
    </Item>
    <Item>
      <type>mediumBlock</type>
      <xPosition>1921</xPosition>
      <yPosition>449</yPosition>
    </Item>
    <Item>
      <type>smallBlock</type>
      <xPosition>1729</xPosition>
      <yPosition>1057</yPosition>
    </Item>
    <Item>
      <type>smallBlock</type>
      <xPosition>1697</xPosition>
      <yPosition>1057</yPosition>
    </Item>
    <Item>
      <type>largeBlock</type>
      <xPosition>1377</xPosition>
      <yPosition>321</yPosition>
    </Item>
    <Item>
      <type>mediumBlock</type>
      <xPosition>1889</xPosition>
      <yPosition>129</yPosition>
    </Item>
    <Item>
      <type>mediumBlock</type>
      <xPosition>2305</xPosition>
      <yPosition>289</yPosition>
    </Item>
    <Item>
      <type>mediumBlock</type>
      <xPosition>2305</xPosition>
      <yPosition>225</yPosition>
    </Item>
    <Item>
      <type>mediumBlock</type>
      <xPosition>2241</xPosition>
      <yPosition>225</yPosition>
    </Item>
    <Item>
      <type>mediumBlock</type>
      <xPosition>2369</xPosition>
      <yPosition>225</yPosition>
    </Item>
    <Item>
      <type>largeBlock</type>
      <xPosition>2593</xPosition>
      <yPosition>353</yPosition>
    </Item>
    <Item>
      <type>mediumBlock</type>
      <xPosition>2881</xPosition>
      <yPosition>481</yPosition>
    </Item>
    <Item>
      <type>mediumBlock</type>
      <xPosition>3073</xPosition>
      <yPosition>385</yPosition>
    </Item>
    <Item>
      <type>mediumBlock</type>
      <xPosition>3265</xPosition>
      <yPosition>289</yPosition>
    </Item>
    <Item>
      <type>mediumBlock</type>
      <xPosition>3425</xPosition>
      <yPosition>193</yPosition>
    </Item>
    <Item>
      <type>mediumBlock</type>
      <xPosition>3489</xPosition>
      <yPosition>193</yPosition>
    </Item>
    <Item>
      <type>mediumBlock</type>
      <xPosition>3553</xPosition>
      <yPosition>193</yPosition>
    </Item>
    <Item>
      <type>End Flag</type>
      <xPosition>3521</xPosition>
      <yPosition>129</yPosition>
    </Item>
  </Asset>
</XnaContent>