﻿<?xml version="1.0" encoding="utf-8"?>
<XnaContent>
  <Asset Type="XmlDependent.BlockSpriteData[]">
    <Item>
      <type>brick11</type>
      <xPosition>444</xPosition>
      <yPosition>543</yPosition>
    </Item>
    <Item>
      <type>brick11</type>
      <xPosition>610</xPosition>
      <yPosition>646</yPosition>
    </Item>
    <Item>
      <type>brick21</type>
      <xPosition>387</xPosition>
      <yPosition>752</yPosition>
    </Item>
    <Item>
      <type>brick21</type>
      <xPosition>640</xPosition>
      <yPosition>489</yPosition>
    </Item>
    <Item>
      <type>brick31</type>
      <xPosition>554</xPosition>
      <yPosition>833</yPosition>
    </Item>
    <Item>
      <type>brick31</type>
      <xPosition>402</xPosition>
      <yPosition>936</yPosition>
    </Item>
    <Item>
      <type>brick31</type>
      <xPosition>513</xPosition>
      <yPosition>1025</yPosition>
    </Item>
    <Item>
      <type>brick31</type>
      <xPosition>292</xPosition>
      <yPosition>1072</yPosition>
    </Item>
    <Item>
      <type>brick31</type>
      <xPosition>401</xPosition>
      <yPosition>1118</yPosition>
    </Item>
    <Item>
      <type>brick41</type>
      <xPosition>670</xPosition>
      <yPosition>980</yPosition>
    </Item>
    <Item>
      <type>brick41</type>
      <xPosition>719</xPosition>
      <yPosition>860</yPosition>
    </Item>
    <Item>
      <type>brick41</type>
      <xPosition>835</xPosition>
      <yPosition>970</yPosition>
    </Item>
    <Item>
      <type>brick11</type>
      <xPosition>764</xPosition>
      <yPosition>1040</yPosition>
    </Item>
    <Item>
      <type>brick21</type>
      <xPosition>974</xPosition>
      <yPosition>924</yPosition>
    </Item>
    <Item>
      <type>brick21</type>
      <xPosition>743</xPosition>
      <yPosition>753</yPosition>
    </Item>
    <Item>
      <type>brick31</type>
      <xPosition>818</xPosition>
      <yPosition>613</yPosition>
    </Item>
    <Item>
      <type>brick31</type>
      <xPosition>896</xPosition>
      <yPosition>812</yPosition>
    </Item>
    <Item>
      <type>brick41</type>
      <xPosition>949</xPosition>
      <yPosition>680</yPosition>
    </Item>
    <Item>
      <type>brick41</type>
      <xPosition>1108</xPosition>
      <yPosition>788</yPosition>
    </Item>
    <Item>
      <type>brick11</type>
      <xPosition>1143</xPosition>
      <yPosition>888</yPosition>
    </Item>
    <Item>
      <type>brick11</type>
      <xPosition>1087</xPosition>
      <yPosition>624</yPosition>
    </Item>
    <Item>
      <type>brick21</type>
      <xPosition>602</xPosition>
      <yPosition>935</yPosition>
    </Item>
    <Item>
      <type>brick31</type>
      <xPosition>220</xPosition>
      <yPosition>929</yPosition>
    </Item>
    <Item>
      <type>brick41</type>
      <xPosition>182</xPosition>
      <yPosition>696</yPosition>
    </Item>
    <Item>
      <type>brick41</type>
      <xPosition>226</xPosition>
      <yPosition>806</yPosition>
    </Item>
    <Item>
      <type>brick11</type>
      <xPosition>308</xPosition>
      <yPosition>527</yPosition>
    </Item>
    <Item>
      <type>brick11</type>
      <xPosition>882</xPosition>
      <yPosition>473</yPosition>
    </Item>
    <Item>
      <type>brick21</type>
      <xPosition>1044</xPosition>
      <yPosition>558</yPosition>
    </Item>
    <Item>
      <type>brick31</type>
      <xPosition>1074</xPosition>
      <yPosition>1009</yPosition>
    </Item>
    <Item>
      <type>brick41</type>
      <xPosition>1282</xPosition>
      <yPosition>996</yPosition>
    </Item>
    <Item>
      <type>brick41</type>
      <xPosition>1305</xPosition>
      <yPosition>816</yPosition>
    </Item>
    <Item>
      <type>brick11</type>
      <xPosition>1231</xPosition>
      <yPosition>706</yPosition>
    </Item>
    <Item>
      <type>brick11</type>
      <xPosition>1395</xPosition>
      <yPosition>896</yPosition>
    </Item>
    <Item>
      <type>brick11</type>
      <xPosition>1478</xPosition>
      <yPosition>1037</yPosition>
    </Item>
    <Item>
      <type>brick21</type>
      <xPosition>1454</xPosition>
      <yPosition>751</yPosition>
    </Item>
    <Item>
      <type>brick31</type>
      <xPosition>1218</xPosition>
      <yPosition>618</yPosition>
    </Item>
    <Item>
      <type>brick31</type>
      <xPosition>1343</xPosition>
      <yPosition>692</yPosition>
    </Item>
    <Item>
      <type>brick31</type>
      <xPosition>1582</xPosition>
      <yPosition>904</yPosition>
    </Item>
    <Item>
      <type>brick41</type>
      <xPosition>1663</xPosition>
      <yPosition>1066</yPosition>
    </Item>
    <Item>
      <type>brick41</type>
      <xPosition>1643</xPosition>
      <yPosition>791</yPosition>
    </Item>
    <Item>
      <type>brick11</type>
      <xPosition>1803</xPosition>
      <yPosition>896</yPosition>
    </Item>
    <Item>
      <type>brick11</type>
      <xPosition>1958</xPosition>
      <yPosition>849</yPosition>
    </Item>
    <Item>
      <type>brick11</type>
      <xPosition>2102</xPosition>
      <yPosition>833</yPosition>
    </Item>
    <Item>
      <type>brick21</type>
      <xPosition>2038</xPosition>
      <yPosition>658</yPosition>
    </Item>
    <Item>
      <type>brick41</type>
      <xPosition>1801</xPosition>
      <yPosition>726</yPosition>
    </Item>
    <Item>
      <type>brick21</type>
      <xPosition>1463</xPosition>
      <yPosition>507</yPosition>
    </Item>
    <Item>
      <type>brick21</type>
      <xPosition>1947</xPosition>
      <yPosition>518</yPosition>
    </Item>
    <Item>
      <type>brick11</type>
      <xPosition>1346</xPosition>
      <yPosition>572</yPosition>
    </Item>
    <Item>
      <type>brick11</type>
      <xPosition>1929</xPosition>
      <yPosition>729</yPosition>
    </Item>
    <Item>
      <type>brick31</type>
      <xPosition>1893</xPosition>
      <yPosition>645</yPosition>
    </Item>
    <Item>
      <type>brick41</type>
      <xPosition>2127</xPosition>
      <yPosition>505</yPosition>
    </Item>
    <Item>
      <type>brick41</type>
      <xPosition>2229</xPosition>
      <yPosition>616</yPosition>
    </Item>
    <Item>
      <type>brick11</type>
      <xPosition>2229</xPosition>
      <yPosition>743</yPosition>
    </Item>
    <Item>
      <type>brick31</type>
      <xPosition>1603</xPosition>
      <yPosition>398</yPosition>
    </Item>
    <Item>
      <type>brick31</type>
      <xPosition>1708</xPosition>
      <yPosition>335</yPosition>
    </Item>
    <Item>
      <type>brick41</type>
      <xPosition>1249</xPosition>
      <yPosition>499</yPosition>
    </Item>
    <Item>
      <type>brick11</type>
      <xPosition>1133</xPosition>
      <yPosition>419</yPosition>
    </Item>
    <Item>
      <type>brick21</type>
      <xPosition>967</xPosition>
      <yPosition>340</yPosition>
    </Item>
    <Item>
      <type>brick21</type>
      <xPosition>1143</xPosition>
      <yPosition>225</yPosition>
    </Item>
    <Item>
      <type>brick41</type>
      <xPosition>1606</xPosition>
      <yPosition>260</yPosition>
    </Item>
    <Item>
      <type>brick41</type>
      <xPosition>1770</xPosition>
      <yPosition>158</yPosition>
    </Item>
    <Item>
      <type>brick41</type>
      <xPosition>1576</xPosition>
      <yPosition>108</yPosition>
    </Item>
    <Item>
      <type>brick11</type>
      <xPosition>1375</xPosition>
      <yPosition>75</yPosition>
    </Item>
    <Item>
      <type>brick11</type>
      <xPosition>1529</xPosition>
      <yPosition>10</yPosition>
    </Item>
    <Item>
      <type>brick21</type>
      <xPosition>1781</xPosition>
      <yPosition>-30</yPosition>
    </Item>
    <Item>
      <type>brick31</type>
      <xPosition>1673</xPosition>
      <yPosition>29</yPosition>
    </Item>
    <Item>
      <type>brick31</type>
      <xPosition>1959</xPosition>
      <yPosition>124</yPosition>
    </Item>
    <Item>
      <type>brick41</type>
      <xPosition>1963</xPosition>
      <yPosition>5</yPosition>
    </Item>
    <Item>
      <type>brick41</type>
      <xPosition>2103</xPosition>
      <yPosition>160</yPosition>
    </Item>
    <Item>
      <type>brick11</type>
      <xPosition>2083</xPosition>
      <yPosition>25</yPosition>
    </Item>
    <Item>
      <type>brick11</type>
      <xPosition>1717</xPosition>
      <yPosition>84</yPosition>
    </Item>
    <Item>
      <type>brick11</type>
      <xPosition>2216</xPosition>
      <yPosition>191</yPosition>
    </Item>
    <Item>
      <type>brick21</type>
      <xPosition>2227</xPosition>
      <yPosition>26</yPosition>
    </Item>
    <Item>
      <type>brick31</type>
      <xPosition>2367</xPosition>
      <yPosition>285</yPosition>
    </Item>
    <Item>
      <type>brick31</type>
      <xPosition>2472</xPosition>
      <yPosition>174</yPosition>
    </Item>
    <Item>
      <type>brick41</type>
      <xPosition>2682</xPosition>
      <yPosition>179</yPosition>
    </Item>
    <Item>
      <type>brick41</type>
      <xPosition>2856</xPosition>
      <yPosition>249</yPosition>
    </Item>
    <Item>
      <type>brick11</type>
      <xPosition>2549</xPosition>
      <yPosition>281</yPosition>
    </Item>
    <Item>
      <type>brick21</type>
      <xPosition>2730</xPosition>
      <yPosition>334</yPosition>
    </Item>
    <Item>
      <type>brick21</type>
      <xPosition>2992</xPosition>
      <yPosition>333</yPosition>
    </Item>
    <Item>
      <type>brick31</type>
      <xPosition>3084</xPosition>
      <yPosition>203</yPosition>
    </Item>
    <Item>
      <type>brick31</type>
      <xPosition>3273</xPosition>
      <yPosition>121</yPosition>
    </Item>
    <Item>
      <type>brick41</type>
      <xPosition>3179</xPosition>
      <yPosition>377</yPosition>
    </Item>
    <Item>
      <type>brick41</type>
      <xPosition>3329</xPosition>
      <yPosition>413</yPosition>
    </Item>
    <Item>
      <type>brick11</type>
      <xPosition>3444</xPosition>
      <yPosition>459</yPosition>
    </Item>
    <Item>
      <type>brick11</type>
      <xPosition>3191</xPosition>
      <yPosition>478</yPosition>
    </Item>
    <Item>
      <type>brick21</type>
      <xPosition>2991</xPosition>
      <yPosition>434</yPosition>
    </Item>
    <Item>
      <type>brick21</type>
      <xPosition>2839</xPosition>
      <yPosition>382</yPosition>
    </Item>
    <Item>
      <type>brick21</type>
      <xPosition>2975</xPosition>
      <yPosition>149</yPosition>
    </Item>
    <Item>
      <type>brick31</type>
      <xPosition>3155</xPosition>
      <yPosition>75</yPosition>
    </Item>
    <Item>
      <type>brick11</type>
      <xPosition>3292</xPosition>
      <yPosition>15</yPosition>
    </Item>
    <Item>
      <type>brick21</type>
      <xPosition>3405</xPosition>
      <yPosition>22</yPosition>
    </Item>
    <Item>
      <type>brick31</type>
      <xPosition>2794</xPosition>
      <yPosition>133</yPosition>
    </Item>
    <Item>
      <type>brick31</type>
      <xPosition>2361</xPosition>
      <yPosition>107</yPosition>
    </Item>
    <Item>
      <type>brick41</type>
      <xPosition>2586</xPosition>
      <yPosition>72</yPosition>
    </Item>
    <Item>
      <type>brick11</type>
      <xPosition>2213</xPosition>
      <yPosition>263</yPosition>
    </Item>
    <Item>
      <type>brick31</type>
      <xPosition>3067</xPosition>
      <yPosition>351</yPosition>
    </Item>
    <Item>
      <type>brick41</type>
      <xPosition>3366</xPosition>
      <yPosition>505</yPosition>
    </Item>
    <Item>
      <type>brick41</type>
      <xPosition>3481</xPosition>
      <yPosition>436</yPosition>
    </Item>
    <Item>
      <type>brick11</type>
      <xPosition>1670</xPosition>
      <yPosition>582</yPosition>
    </Item>
    <Item>
      <type>brick21</type>
      <xPosition>1625</xPosition>
      <yPosition>486</yPosition>
    </Item>
    <Item>
      <type>brick31</type>
      <xPosition>1618</xPosition>
      <yPosition>698</yPosition>
    </Item>
    <Item>
      <type>brick31</type>
      <xPosition>1812</xPosition>
      <yPosition>568</yPosition>
    </Item>
    <Item>
      <type>brick31</type>
      <xPosition>1942</xPosition>
      <yPosition>986</yPosition>
    </Item>
    <Item>
      <type>brick31</type>
      <xPosition>2180</xPosition>
      <yPosition>986</yPosition>
    </Item>
    <Item>
      <type>brick31</type>
      <xPosition>2229</xPosition>
      <yPosition>871</yPosition>
    </Item>
    <Item>
      <type>brick31</type>
      <xPosition>1725</xPosition>
      <yPosition>1003</yPosition>
    </Item>
    <Item>
      <type>brick41</type>
      <xPosition>1864</xPosition>
      <yPosition>264</yPosition>
    </Item>
    <Item>
      <type>brick41</type>
      <xPosition>1906</xPosition>
      <yPosition>382</yPosition>
    </Item>
    <Item>
      <type>brick41</type>
      <xPosition>2065</xPosition>
      <yPosition>312</yPosition>
    </Item>
    <Item>
      <type>brick41</type>
      <xPosition>2127</xPosition>
      <yPosition>416</yPosition>
    </Item>
    <Item>
      <type>brick31</type>
      <xPosition>1766</xPosition>
      <yPosition>395</yPosition>
    </Item>
    <Item>
      <type>brick31</type>
      <xPosition>2244</xPosition>
      <yPosition>382</yPosition>
    </Item>
    <Item>
      <type>brick31</type>
      <xPosition>1237</xPosition>
      <yPosition>126</yPosition>
    </Item>
    <Item>
      <type>brick31</type>
      <xPosition>1395</xPosition>
      <yPosition>365</yPosition>
    </Item>
    <Item>
      <type>brick41</type>
      <xPosition>1328</xPosition>
      <yPosition>233</yPosition>
    </Item>
    <Item>
      <type>brick41</type>
      <xPosition>1309</xPosition>
      <yPosition>373</yPosition>
    </Item>
    <Item>
      <type>brick41</type>
      <xPosition>1557</xPosition>
      <yPosition>156</yPosition>
    </Item>
    <Item>
      <type>brick31</type>
      <xPosition>714</xPosition>
      <yPosition>338</yPosition>
    </Item>
    <Item>
      <type>brick41</type>
      <xPosition>565</xPosition>
      <yPosition>387</yPosition>
    </Item>
  </Asset>
</XnaContent>