﻿<?xml version="1.0" encoding="utf-8"?>
<XnaContent>
  <Asset Type="XmlDependent.BlockSpriteData[]">
    <Item>
      <type>Start Flag</type>
      <xPosition>166</xPosition>
      <yPosition>236</yPosition>
    </Item>
    <Item>
      <type>Small Block</type>
      <xPosition>164</xPosition>
      <yPosition>302</yPosition>
    </Item>
    <Item>
      <type>Small Block</type>
      <xPosition>196</xPosition>
      <yPosition>302</yPosition>
    </Item>
    <Item>
      <type>Small Block</type>
      <xPosition>227</xPosition>
      <yPosition>302</yPosition>
    </Item>
    <Item>
      <type>Small Block</type>
      <xPosition>259</xPosition>
      <yPosition>271</yPosition>
    </Item>
    <Item>
      <type>Small Block</type>
      <xPosition>293</xPosition>
      <yPosition>303</yPosition>
    </Item>
    <Item>
      <type>Small Block</type>
      <xPosition>327</xPosition>
      <yPosition>303</yPosition>
    </Item>
    <Item>
      <type>Small Block</type>
      <xPosition>360</xPosition>
      <yPosition>302</yPosition>
    </Item>
    <Item>
      <type>Small Block</type>
      <xPosition>392</xPosition>
      <yPosition>287</yPosition>
    </Item>
    <Item>
      <type>Small Block</type>
      <xPosition>425</xPosition>
      <yPosition>303</yPosition>
    </Item>
    <Item>
      <type>Small Block</type>
      <xPosition>457</xPosition>
      <yPosition>303</yPosition>
    </Item>
    <Item>
      <type>Small Block</type>
      <xPosition>489</xPosition>
      <yPosition>303</yPosition>
    </Item>
    <Item>
      <type>Small Block</type>
      <xPosition>521</xPosition>
      <yPosition>295</yPosition>
    </Item>
    <Item>
      <type>Small Block</type>
      <xPosition>553</xPosition>
      <yPosition>304</yPosition>
    </Item>
    <Item>
      <type>Small Block</type>
      <xPosition>587</xPosition>
      <yPosition>304</yPosition>
    </Item>
    <Item>
      <type>Small Block</type>
      <xPosition>621</xPosition>
      <yPosition>304</yPosition>
    </Item>
    <Item>
      <type>Small Block</type>
      <xPosition>652</xPosition>
      <yPosition>300</yPosition>
    </Item>
    <Item>
      <type>Small Block</type>
      <xPosition>686</xPosition>
      <yPosition>305</yPosition>
    </Item>
    <Item>
      <type>Small Block</type>
      <xPosition>718</xPosition>
      <yPosition>305</yPosition>
    </Item>
    <Item>
      <type>Small Block</type>
      <xPosition>750</xPosition>
      <yPosition>305</yPosition>
    </Item>
    <Item>
      <type>Small Block</type>
      <xPosition>782</xPosition>
      <yPosition>303</yPosition>
    </Item>
    <Item>
      <type>Small Block</type>
      <xPosition>817</xPosition>
      <yPosition>310</yPosition>
    </Item>
    <Item>
      <type>Small Block</type>
      <xPosition>849</xPosition>
      <yPosition>310</yPosition>
    </Item>
    <Item>
      <type>Small Block</type>
      <xPosition>881</xPosition>
      <yPosition>310</yPosition>
    </Item>
    <Item>
      <type>Small Block</type>
      <xPosition>914</xPosition>
      <yPosition>308</yPosition>
    </Item>
    <Item>
      <type>Small Block</type>
      <xPosition>947</xPosition>
      <yPosition>311</yPosition>
    </Item>
    <Item>
      <type>Small Block</type>
      <xPosition>980</xPosition>
      <yPosition>311</yPosition>
    </Item>
    <Item>
      <type>Small Block</type>
      <xPosition>1011</xPosition>
      <yPosition>311</yPosition>
    </Item>
    <Item>
      <type>Small Block</type>
      <xPosition>1043</xPosition>
      <yPosition>310</yPosition>
    </Item>
    <Item>
      <type>End Flag</type>
      <xPosition>1121</xPosition>
      <yPosition>241</yPosition>
    </Item>
    <Item>
      <type>Medium Block</type>
      <xPosition>1075</xPosition>
      <yPosition>313</yPosition>
    </Item>
    <Item>
      <type>Medium Block</type>
      <xPosition>1137</xPosition>
      <yPosition>313</yPosition>
    </Item>
    <Item>
      <type>Medium Block</type>
      <xPosition>1201</xPosition>
      <yPosition>250</yPosition>
    </Item>
  </Asset>
</XnaContent>