﻿<?xml version="1.0" encoding="utf-8"?>
<XnaContent>
  <Asset Type="XmlDependent.BlockSpriteData[]">
    <Item>
      <type>Start Flag</type>
      <xPosition>449</xPosition>
      <yPosition>609</yPosition>
    </Item>
    <Item>
      <type>largeBlock</type>
      <xPosition>257</xPosition>
      <yPosition>673</yPosition>
    </Item>
    <Item>
      <type>largeBlock</type>
      <xPosition>385</xPosition>
      <yPosition>673</yPosition>
    </Item>
    <Item>
      <type>mediumBlock</type>
      <xPosition>545</xPosition>
      <yPosition>609</yPosition>
    </Item>
    <Item>
      <type>mediumBlock</type>
      <xPosition>609</xPosition>
      <yPosition>609</yPosition>
    </Item>
    <Item>
      <type>mediumBlock</type>
      <xPosition>673</xPosition>
      <yPosition>609</yPosition>
    </Item>
    <Item>
      <type>mediumBlock</type>
      <xPosition>1057</xPosition>
      <yPosition>609</yPosition>
    </Item>
    <Item>
      <type>mediumBlock</type>
      <xPosition>1185</xPosition>
      <yPosition>609</yPosition>
    </Item>
    <Item>
      <type>mediumBlock</type>
      <xPosition>1377</xPosition>
      <yPosition>609</yPosition>
    </Item>
    <Item>
      <type>largeBlock</type>
      <xPosition>1633</xPosition>
      <yPosition>577</yPosition>
    </Item>
    <Item>
      <type>End Flag</type>
      <xPosition>1697</xPosition>
      <yPosition>513</yPosition>
    </Item>
  </Asset>
</XnaContent>