﻿<?xml version="1.0" encoding="utf-8"?>
<XnaContent>
  <Asset Type="XmlDependent.BlockSpriteData[]">
    <Item>
      <type>Start Flag</type>
      <xPosition>289</xPosition>
      <yPosition>609</yPosition>
    </Item>
    <Item>
      <type>largeBlock</type>
      <xPosition>257</xPosition>
      <yPosition>673</yPosition>
    </Item>
    <Item>
      <type>largeBlock</type>
      <xPosition>385</xPosition>
      <yPosition>673</yPosition>
    </Item>
    <Item>
      <type>mediumBlock</type>
      <xPosition>801</xPosition>
      <yPosition>609</yPosition>
    </Item>
    <Item>
      <type>mediumBlock</type>
      <xPosition>865</xPosition>
      <yPosition>609</yPosition>
    </Item>
    <Item>
      <type>mediumBlock</type>
      <xPosition>929</xPosition>
      <yPosition>609</yPosition>
    </Item>
    <Item>
      <type>mediumBlock</type>
      <xPosition>1121</xPosition>
      <yPosition>609</yPosition>
    </Item>
    <Item>
      <type>mediumBlock</type>
      <xPosition>1313</xPosition>
      <yPosition>609</yPosition>
    </Item>
    <Item>
      <type>mediumBlock</type>
      <xPosition>1441</xPosition>
      <yPosition>609</yPosition>
    </Item>
    <Item>
      <type>largeBlock</type>
      <xPosition>1633</xPosition>
      <yPosition>577</yPosition>
    </Item>
    <Item>
      <type>End Flag</type>
      <xPosition>1665</xPosition>
      <yPosition>513</yPosition>
    </Item>
  </Asset>
</XnaContent>