﻿<?xml version="1.0" encoding="utf-8"?>
<XnaContent>
  <Asset Type="XmlDependent.BlockSpriteData[]">
    <Item>
      <type>brick11</type>
      <xPosition>3</xPosition>
      <yPosition>174</yPosition>
    </Item>
    <Item>
      <type>brick11</type>
      <xPosition>361</xPosition>
      <yPosition>412</yPosition>
    </Item>
    <Item>
      <type>brick11</type>
      <xPosition>11</xPosition>
      <yPosition>783</yPosition>
    </Item>
    <Item>
      <type>brick11</type>
      <xPosition>199</xPosition>
      <yPosition>638</yPosition>
    </Item>
    <Item>
      <type>brick21</type>
      <xPosition>171</xPosition>
      <yPosition>812</yPosition>
    </Item>
    <Item>
      <type>brick21</type>
      <xPosition>346</xPosition>
      <yPosition>684</yPosition>
    </Item>
    <Item>
      <type>brick21</type>
      <xPosition>198</xPosition>
      <yPosition>491</yPosition>
    </Item>
    <Item>
      <type>brick21</type>
      <xPosition>-29</xPosition>
      <yPosition>582</yPosition>
    </Item>
    <Item>
      <type>brick31</type>
      <xPosition>99</xPosition>
      <yPosition>588</yPosition>
    </Item>
    <Item>
      <type>brick31</type>
      <xPosition>-37</xPosition>
      <yPosition>708</yPosition>
    </Item>
    <Item>
      <type>brick31</type>
      <xPosition>426</xPosition>
      <yPosition>820</yPosition>
    </Item>
    <Item>
      <type>brick41</type>
      <xPosition>577</xPosition>
      <yPosition>695</yPosition>
    </Item>
    <Item>
      <type>brick41</type>
      <xPosition>666</xPosition>
      <yPosition>813</yPosition>
    </Item>
    <Item>
      <type>brick11</type>
      <xPosition>486</xPosition>
      <yPosition>564</yPosition>
    </Item>
    <Item>
      <type>brick11</type>
      <xPosition>780</xPosition>
      <yPosition>668</yPosition>
    </Item>
    <Item>
      <type>brick21</type>
      <xPosition>864</xPosition>
      <yPosition>800</yPosition>
    </Item>
    <Item>
      <type>brick21</type>
      <xPosition>1055</xPosition>
      <yPosition>593</yPosition>
    </Item>
    <Item>
      <type>brick31</type>
      <xPosition>910</xPosition>
      <yPosition>643</yPosition>
    </Item>
    <Item>
      <type>brick11</type>
      <xPosition>689</xPosition>
      <yPosition>542</yPosition>
    </Item>
    <Item>
      <type>brick21</type>
      <xPosition>555</xPosition>
      <yPosition>413</yPosition>
    </Item>
    <Item>
      <type>brick31</type>
      <xPosition>888</xPosition>
      <yPosition>451</yPosition>
    </Item>
    <Item>
      <type>brick41</type>
      <xPosition>759</xPosition>
      <yPosition>422</yPosition>
    </Item>
    <Item>
      <type>brick41</type>
      <xPosition>1062</xPosition>
      <yPosition>479</yPosition>
    </Item>
    <Item>
      <type>brick11</type>
      <xPosition>695</xPosition>
      <yPosition>252</yPosition>
    </Item>
    <Item>
      <type>brick11</type>
      <xPosition>471</xPosition>
      <yPosition>304</yPosition>
    </Item>
    <Item>
      <type>brick21</type>
      <xPosition>24</xPosition>
      <yPosition>407</yPosition>
    </Item>
    <Item>
      <type>brick21</type>
      <xPosition>200</xPosition>
      <yPosition>292</yPosition>
    </Item>
    <Item>
      <type>brick31</type>
      <xPosition>344</xPosition>
      <yPosition>227</yPosition>
    </Item>
    <Item>
      <type>brick31</type>
      <xPosition>946</xPosition>
      <yPosition>520</yPosition>
    </Item>
    <Item>
      <type>brick41</type>
      <xPosition>872</xPosition>
      <yPosition>315</yPosition>
    </Item>
    <Item>
      <type>brick41</type>
      <xPosition>1157</xPosition>
      <yPosition>382</yPosition>
    </Item>
    <Item>
      <type>brick41</type>
      <xPosition>1214</xPosition>
      <yPosition>527</yPosition>
    </Item>
    <Item>
      <type>brick41</type>
      <xPosition>1350</xPosition>
      <yPosition>323</yPosition>
    </Item>
    <Item>
      <type>brick41</type>
      <xPosition>1108</xPosition>
      <yPosition>218</yPosition>
    </Item>
    <Item>
      <type>brick11</type>
      <xPosition>1037</xPosition>
      <yPosition>327</yPosition>
    </Item>
    <Item>
      <type>brick11</type>
      <xPosition>1270</xPosition>
      <yPosition>229</yPosition>
    </Item>
    <Item>
      <type>brick11</type>
      <xPosition>1341</xPosition>
      <yPosition>478</yPosition>
    </Item>
    <Item>
      <type>brick21</type>
      <xPosition>1545</xPosition>
      <yPosition>358</yPosition>
    </Item>
    <Item>
      <type>brick31</type>
      <xPosition>1461</xPosition>
      <yPosition>174</yPosition>
    </Item>
    <Item>
      <type>brick41</type>
      <xPosition>1590</xPosition>
      <yPosition>111</yPosition>
    </Item>
    <Item>
      <type>brick41</type>
      <xPosition>1688</xPosition>
      <yPosition>234</yPosition>
    </Item>
    <Item>
      <type>brick41</type>
      <xPosition>960</xPosition>
      <yPosition>190</yPosition>
    </Item>
    <Item>
      <type>brick11</type>
      <xPosition>814</xPosition>
      <yPosition>123</yPosition>
    </Item>
    <Item>
      <type>brick11</type>
      <xPosition>527</xPosition>
      <yPosition>114</yPosition>
    </Item>
    <Item>
      <type>brick21</type>
      <xPosition>1128</xPosition>
      <yPosition>44</yPosition>
    </Item>
    <Item>
      <type>brick21</type>
      <xPosition>1359</xPosition>
      <yPosition>41</yPosition>
    </Item>
    <Item>
      <type>brick21</type>
      <xPosition>1229</xPosition>
      <yPosition>148</yPosition>
    </Item>
    <Item>
      <type>brick21</type>
      <xPosition>1550</xPosition>
      <yPosition>-52</yPosition>
    </Item>
    <Item>
      <type>brick31</type>
      <xPosition>1715</xPosition>
      <yPosition>-11</yPosition>
    </Item>
    <Item>
      <type>brick31</type>
      <xPosition>1707</xPosition>
      <yPosition>-148</yPosition>
    </Item>
    <Item>
      <type>brick41</type>
      <xPosition>1573</xPosition>
      <yPosition>250</yPosition>
    </Item>
    <Item>
      <type>brick41</type>
      <xPosition>1530</xPosition>
      <yPosition>484</yPosition>
    </Item>
    <Item>
      <type>brick41</type>
      <xPosition>1059</xPosition>
      <yPosition>779</yPosition>
    </Item>
    <Item>
      <type>brick41</type>
      <xPosition>653</xPosition>
      <yPosition>82</yPosition>
    </Item>
    <Item>
      <type>brick11</type>
      <xPosition>942</xPosition>
      <yPosition>15</yPosition>
    </Item>
    <Item>
      <type>brick11</type>
      <xPosition>199</xPosition>
      <yPosition>122</yPosition>
    </Item>
    <Item>
      <type>brick21</type>
      <xPosition>-41</xPosition>
      <yPosition>305</yPosition>
    </Item>
    <Item>
      <type>brick31</type>
      <xPosition>378</xPosition>
      <yPosition>566</yPosition>
    </Item>
    <Item>
      <type>brick31</type>
      <xPosition>784</xPosition>
      <yPosition>11</yPosition>
    </Item>
    <Item>
      <type>brick41</type>
      <xPosition>1239</xPosition>
      <yPosition>-92</yPosition>
    </Item>
    <Item>
      <type>brick11</type>
      <xPosition>1437</xPosition>
      <yPosition>-150</yPosition>
    </Item>
    <Item>
      <type>brick21</type>
      <xPosition>1587</xPosition>
      <yPosition>-209</yPosition>
    </Item>
    <Item>
      <type>brick21</type>
      <xPosition>1056</xPosition>
      <yPosition>-117</yPosition>
    </Item>
    <Item>
      <type>brick31</type>
      <xPosition>863</xPosition>
      <yPosition>-77</yPosition>
    </Item>
    <Item>
      <type>brick31</type>
      <xPosition>571</xPosition>
      <yPosition>-4</yPosition>
    </Item>
    <Item>
      <type>brick31</type>
      <xPosition>340</xPosition>
      <yPosition>74</yPosition>
    </Item>
    <Item>
      <type>brick41</type>
      <xPosition>1853</xPosition>
      <yPosition>-19</yPosition>
    </Item>
    <Item>
      <type>brick11</type>
      <xPosition>1948</xPosition>
      <yPosition>94</yPosition>
    </Item>
    <Item>
      <type>brick21</type>
      <xPosition>1944</xPosition>
      <yPosition>-119</yPosition>
    </Item>
    <Item>
      <type>brick31</type>
      <xPosition>2099</xPosition>
      <yPosition>30</yPosition>
    </Item>
    <Item>
      <type>brick31</type>
      <xPosition>2183</xPosition>
      <yPosition>135</yPosition>
    </Item>
    <Item>
      <type>brick31</type>
      <xPosition>2321</xPosition>
      <yPosition>68</yPosition>
    </Item>
    <Item>
      <type>brick41</type>
      <xPosition>2336</xPosition>
      <yPosition>177</yPosition>
    </Item>
    <Item>
      <type>brick41</type>
      <xPosition>2470</xPosition>
      <yPosition>249</yPosition>
    </Item>
    <Item>
      <type>brick41</type>
      <xPosition>2588</xPosition>
      <yPosition>169</yPosition>
    </Item>
    <Item>
      <type>brick11</type>
      <xPosition>2492</xPosition>
      <yPosition>92</yPosition>
    </Item>
    <Item>
      <type>brick11</type>
      <xPosition>2738</xPosition>
      <yPosition>178</yPosition>
    </Item>
    <Item>
      <type>brick11</type>
      <xPosition>2656</xPosition>
      <yPosition>296</yPosition>
    </Item>
    <Item>
      <type>brick11</type>
      <xPosition>2874</xPosition>
      <yPosition>117</yPosition>
    </Item>
    <Item>
      <type>brick21</type>
      <xPosition>2902</xPosition>
      <yPosition>198</yPosition>
    </Item>
    <Item>
      <type>brick31</type>
      <xPosition>3086</xPosition>
      <yPosition>133</yPosition>
    </Item>
    <Item>
      <type>brick41</type>
      <xPosition>3208</xPosition>
      <yPosition>208</yPosition>
    </Item>
    <Item>
      <type>brick41</type>
      <xPosition>3360</xPosition>
      <yPosition>141</yPosition>
    </Item>
    <Item>
      <type>brick11</type>
      <xPosition>3424</xPosition>
      <yPosition>263</yPosition>
    </Item>
    <Item>
      <type>brick11</type>
      <xPosition>3095</xPosition>
      <yPosition>254</yPosition>
    </Item>
    <Item>
      <type>brick11</type>
      <xPosition>3599</xPosition>
      <yPosition>282</yPosition>
    </Item>
    <Item>
      <type>brick21</type>
      <xPosition>3766</xPosition>
      <yPosition>243</yPosition>
    </Item>
    <Item>
      <type>brick21</type>
      <xPosition>3906</xPosition>
      <yPosition>320</yPosition>
    </Item>
    <Item>
      <type>brick31</type>
      <xPosition>4070</xPosition>
      <yPosition>236</yPosition>
    </Item>
    <Item>
      <type>brick31</type>
      <xPosition>4105</xPosition>
      <yPosition>300</yPosition>
    </Item>
    <Item>
      <type>brick31</type>
      <xPosition>4203</xPosition>
      <yPosition>357</yPosition>
    </Item>
    <Item>
      <type>brick41</type>
      <xPosition>4022</xPosition>
      <yPosition>404</yPosition>
    </Item>
    <Item>
      <type>brick41</type>
      <xPosition>4190</xPosition>
      <yPosition>163</yPosition>
    </Item>
    <Item>
      <type>brick41</type>
      <xPosition>3939</xPosition>
      <yPosition>177</yPosition>
    </Item>
    <Item>
      <type>brick41</type>
      <xPosition>3744</xPosition>
      <yPosition>378</yPosition>
    </Item>
    <Item>
      <type>brick41</type>
      <xPosition>3563</xPosition>
      <yPosition>192</yPosition>
    </Item>
    <Item>
      <type>brick41</type>
      <xPosition>3247</xPosition>
      <yPosition>372</yPosition>
    </Item>
    <Item>
      <type>brick41</type>
      <xPosition>3012</xPosition>
      <yPosition>-11</yPosition>
    </Item>
    <Item>
      <type>brick11</type>
      <xPosition>2707</xPosition>
      <yPosition>41</yPosition>
    </Item>
    <Item>
      <type>brick11</type>
      <xPosition>2186</xPosition>
      <yPosition>254</yPosition>
    </Item>
    <Item>
      <type>brick11</type>
      <xPosition>2237</xPosition>
      <yPosition>-74</yPosition>
    </Item>
    <Item>
      <type>brick21</type>
      <xPosition>1950</xPosition>
      <yPosition>230</yPosition>
    </Item>
    <Item>
      <type>brick31</type>
      <xPosition>1770</xPosition>
      <yPosition>128</yPosition>
    </Item>
    <Item>
      <type>brick31</type>
      <xPosition>2109</xPosition>
      <yPosition>-163</yPosition>
    </Item>
    <Item>
      <type>brick41</type>
      <xPosition>2428</xPosition>
      <yPosition>-45</yPosition>
    </Item>
    <Item>
      <type>brick11</type>
      <xPosition>2841</xPosition>
      <yPosition>-35</yPosition>
    </Item>
    <Item>
      <type>brick21</type>
      <xPosition>3242</xPosition>
      <yPosition>23</yPosition>
    </Item>
    <Item>
      <type>brick31</type>
      <xPosition>3490</xPosition>
      <yPosition>42</yPosition>
    </Item>
    <Item>
      <type>brick41</type>
      <xPosition>3644</xPosition>
      <yPosition>90</yPosition>
    </Item>
    <Item>
      <type>brick21</type>
      <xPosition>3785</xPosition>
      <yPosition>76</yPosition>
    </Item>
    <Item>
      <type>brick31</type>
      <xPosition>4066</xPosition>
      <yPosition>71</yPosition>
    </Item>
    <Item>
      <type>brick31</type>
      <xPosition>2839</xPosition>
      <yPosition>321</yPosition>
    </Item>
    <Item>
      <type>brick41</type>
      <xPosition>2332</xPosition>
      <yPosition>310</yPosition>
    </Item>
    <Item>
      <type>brick11</type>
      <xPosition>1821</xPosition>
      <yPosition>-222</yPosition>
    </Item>
    <Item>
      <type>brick21</type>
      <xPosition>1957</xPosition>
      <yPosition>-282</yPosition>
    </Item>
    <Item>
      <type>brick31</type>
      <xPosition>1682</xPosition>
      <yPosition>-307</yPosition>
    </Item>
    <Item>
      <type>brick31</type>
      <xPosition>1192</xPosition>
      <yPosition>-237</yPosition>
    </Item>
    <Item>
      <type>brick41</type>
      <xPosition>1361</xPosition>
      <yPosition>-239</yPosition>
    </Item>
    <Item>
      <type>brick41</type>
      <xPosition>651</xPosition>
      <yPosition>-96</yPosition>
    </Item>
    <Item>
      <type>brick41</type>
      <xPosition>392</xPosition>
      <yPosition>-75</yPosition>
    </Item>
    <Item>
      <type>brick11</type>
      <xPosition>152</xPosition>
      <yPosition>3</yPosition>
    </Item>
    <Item>
      <type>brick11</type>
      <xPosition>-69</xPosition>
      <yPosition>56</yPosition>
    </Item>
    <Item>
      <type>brick11</type>
      <xPosition>1219</xPosition>
      <yPosition>653</yPosition>
    </Item>
    <Item>
      <type>brick11</type>
      <xPosition>968</xPosition>
      <yPosition>694</yPosition>
    </Item>
    <Item>
      <type>brick11</type>
      <xPosition>1377</xPosition>
      <yPosition>606</yPosition>
    </Item>
    <Item>
      <type>brick21</type>
      <xPosition>1483</xPosition>
      <yPosition>502</yPosition>
    </Item>
    <Item>
      <type>brick31</type>
      <xPosition>1613</xPosition>
      <yPosition>531</yPosition>
    </Item>
    <Item>
      <type>brick31</type>
      <xPosition>1513</xPosition>
      <yPosition>605</yPosition>
    </Item>
    <Item>
      <type>brick41</type>
      <xPosition>1683</xPosition>
      <yPosition>402</yPosition>
    </Item>
    <Item>
      <type>brick11</type>
      <xPosition>1758</xPosition>
      <yPosition>294</yPosition>
    </Item>
  </Asset>
</XnaContent>