﻿<?xml version="1.0" encoding="utf-8" ?>
<XnaContent>
  <Asset Type="AnimationTest.Animation[]">
    <Item>
      <Name>jump_attack</Name>
      <ActionList>
        <Item>
          <Name>spin_jump</Name>
          <Duration>1</Duration>
        </Item>
        <Item>
          <Name>jump</Name>
          <Duration>.5</Duration>
        </Item>
      </ActionList>
      <ActionQueue></ActionQueue>
    </Item>
    <Item>
      <Name>slow_attack</Name>
      <ActionList>
        <Item>
          <Name>step_forward</Name>
          <Duration>0</Duration>
        </Item>
      </ActionList>
      <ActionQueue></ActionQueue>
    </Item>
  </Asset>
</XnaContent>