﻿<?xml version="1.0" encoding="utf-8" ?>
<XnaContent>
  <!-- TODO: replace this Asset with your own XML asset data. -->
  <Asset Type="AnimationTest.UnitData[]">
    <Item>
      <!-- Heroes -->
      <Type>Soldier</Type>
      <MaxHp>30</MaxHp>
      <Atk>15</Atk>
      <Def>5</Def>
      <Crit>.15</Crit>
      <WaitTime>4</WaitTime>
    </Item>
    <Item>
      <Type>Swordsmaster</Type>
      <MaxHp>25</MaxHp>
      <Atk>20</Atk>
      <Def>2</Def>
      <Crit>.35</Crit>
      <WaitTime>3</WaitTime>
    </Item>
    <Item>
      <Type>Armored Soldier</Type>
      <MaxHp>40</MaxHp>
      <Atk>12</Atk>
      <Def>10</Def>
      <Crit>.1</Crit>
      <WaitTime>6</WaitTime>
    </Item>
    <Item>
      <Type>Healer</Type>
      <MaxHp>20</MaxHp>
      <Atk>10</Atk>
      <Def>0</Def>
      <Crit>0</Crit>
      <WaitTime>4</WaitTime>
    </Item>
    
    <!-- Enemies -->
    <Item>
      <Type>Goblin</Type>
      <MaxHp>25</MaxHp>
      <Atk>12</Atk>
      <Def>5</Def>
      <Crit>.1</Crit>
      <WaitTime>4.5</WaitTime>
    </Item>
    <Item>
      <Type>Death Turtle</Type>
      <MaxHp>50</MaxHp>
      <Atk>10</Atk>
      <Def>15</Def>
      <Crit>.05</Crit>
      <WaitTime>7</WaitTime>
    </Item>
    <Item>
      <Type>Rogue</Type>
      <MaxHp>20</MaxHp>
      <Atk>13</Atk>
      <Def>2</Def>
      <Crit>.3</Crit>
      <WaitTime>3</WaitTime>
    </Item>
    <Item>
      <Type>Boss</Type>
      <MaxHp>75</MaxHp>
      <Atk>15</Atk>
      <Def>5</Def>
      <Crit>.5</Crit>
      <WaitTime>4</WaitTime>
    </Item>
  </Asset>
</XnaContent>
