﻿<?xml version="1.0" encoding="utf-8" ?>
<XnaContent>
  <Asset Type="AnimationTest.RoomData[]">
    <Item>
      <BG>Grassland</BG>
      <Condition></Condition>
      <Enemies>
        <Item>Goblin</Item>
        <Item>Goblin</Item>
        <Item>Goblin</Item>
      </Enemies>
    </Item>
    <Item>
      <BG>Mountain</BG>
      <Condition>Fog</Condition>
      <Enemies>
        <Item>Goblin</Item>
        <Item>Rogue</Item>
        <Item>Goblin</Item>
      </Enemies>
    </Item>
    <Item>
      <BG>Sea</BG>
      <Condition>Lucky</Condition>
      <Enemies>
        <Item>Death Turtle</Item>
      </Enemies>
    </Item>
    <Item>
      <BG>Woods</BG>
      <Condition>Fog</Condition>
      <Enemies>
        <Item>Rogue</Item>
        <Item>Goblin</Item>
        <Item>Rogue</Item>
      </Enemies>
    </Item>
    <Item>
      <BG>Cave</BG>
      <Condition></Condition>
      <Enemies>
        <Item>Rogue</Item>
        <Item>Death Turtle</Item>
        <Item>Rogue</Item>
      </Enemies>
    </Item>
    <Item>
      <BG>Lava</BG>
      <Condition></Condition>
      <Enemies>
        <Item>Boss</Item>
      </Enemies>
    </Item>
  </Asset>
</XnaContent>
